{"type":"FeatureCollection","features":[{"type":"Feature","geometry":{"type":"Polygon","coordinates":[[[49.0980409,53.2482308],[49.0979656,53.24823],[49.097968,53.2481798],[49.0980437,53.2481804],[49.0980409,53.2482308]]]},"properties":{"id":"5bde212d-d0a3-462e-a5fb-0e2a069dd705","source_type":"my","class":"house","subtype":"residential","height":null,"num_floors":2}},{"type":"Feature","geometry":{"type":"Polygon","coordinates":[[[49.0997317,53.2469121],[49.0996614,53.246911],[49.0996637,53.2468553],[49.0997344,53.2468561],[49.0997317,53.2469121]]]},"properties":{"id":"fa94e0cd-21bd-4f28-bc18-681a466bab6f","source_type":"my","class":"house","subtype":"residential","height":null,"num_floors":2}},{"type":"Feature","geometry":{"type":"Polygon","coordinates":[[[49.0990439,53.2445422],[49.0990424,53.2445101],[49.0991067,53.244509],[49.0991082,53.2445411],[49.0990439,53.2445422]]]},"properties":{"id":"5129202c-36ae-4b50-a4bf-84ca195bb029","source_type":"ml","class":null,"subtype":null,"height":null,"num_floors":null}},{"type":"Feature","geometry":{"type":"Polygon","coordinates":[[[49.0999448,53.2446356],[49.0999607,53.2445745],[49.1000314,53.244581],[49.1000155,53.2446422],[49.0999448,53.2446356]]]},"properties":{"id":"5bf1de06-d06f-4bfe-aab8-feb54a70e2fe","source_type":"ml","class":null,"subtype":null,"height":null,"num_floors":null}},{"type":"Feature","geometry":{"type":"Polygon","coordinates":[[[49.099742,53.2445321],[49.0997445,53.2444599],[49.0998479,53.2444612],[49.0998455,53.2445334],[49.099742,53.2445321]]]},"properties":{"id":"579ddeaa-5f54-4627-bd5d-d10e8020505e","source_type":"ml","class":null,"subtype":null,"height":null,"num_floors":null}},{"type":"Feature","geometry":{"type":"Polygon","coordinates":[[[49.0993744,53.244774],[49.099376,53.2446873],[49.0994779,53.244688],[49.0994763,53.2447747],[49.0993744,53.244774]]]},"properties":{"id":"d573469a-8dde-49dc-921f-bbcdc2c4ccc2","source_type":"ml","class":null,"subtype":null,"height":null,"num_floors":null}},{"type":"Feature","geometry":{"type":"Polygon","coordinates":[[[49.0996538,53.2447335],[49.0996254,53.2447331],[49.0996224,53.2448079],[49.0995393,53.2448067],[49.0995449,53.2446662],[49.0996565,53.2446678],[49.0996538,53.2447335]]]},"properties":{"id":"dccef5f9-4a7c-4cca-8ad0-eb091e915494","source_type":"ml","class":null,"subtype":null,"height":null,"num_floors":null}},{"type":"Feature","geometry":{"type":"Polygon","coordinates":[[[49.0994864,53.2449622],[49.0995719,53.2449686],[49.0995615,53.2450182],[49.099476,53.2450118],[49.0994864,53.2449622]]]},"properties":{"id":"b13f766f-ada2-4c98-9317-1c8e1f973ef5","source_type":"ml","class":null,"subtype":null,"height":null,"num_floors":null}},{"type":"Feature","geometry":{"type":"Polygon","coordinates":[[[49.0990194,53.2452173],[49.0991748,53.2452149],[49.099178,53.2452887],[49.0990226,53.2452911],[49.0990194,53.2452173]]]},"properties":{"id":"63121255-4633-45ea-b223-52ba883f8aab","source_type":"ml","class":null,"subtype":null,"height":null,"num_floors":null}},{"type":"Feature","geometry":{"type":"Polygon","coordinates":[[[49.0988506,53.2446478],[49.0990105,53.2446496],[49.0990074,53.2447474],[49.0988475,53.2447456],[49.0988506,53.2446478]]]},"properties":{"id":"7d346948-a0d9-4dc7-a2dc-dc05f9443fd8","source_type":"ml","class":null,"subtype":null,"height":null,"num_floors":null}},{"type":"Feature","geometry":{"type":"Polygon","coordinates":[[[49.0987154,53.2452936],[49.0987184,53.2452562],[49.098796,53.2452584],[49.0987931,53.2452958],[49.0987154,53.2452936]]]},"properties":{"id":"5c0d9ee6-eed3-47f0-9af8-753fb6b2cf29","source_type":"ml","class":null,"subtype":null,"height":null,"num_floors":null}},{"type":"Feature","geometry":{"type":"Polygon","coordinates":[[[49.098544,53.2451951],[49.0986806,53.2451983],[49.0986759,53.2452704],[49.0985714,53.245268],[49.0985734,53.2452375],[49.0985413,53.2452368],[49.098544,53.2451951]]]},"properties":{"id":"55335ac0-2fec-49b0-a742-f15dd6d34273","source_type":"ml","class":null,"subtype":null,"height":null,"num_floors":null}},{"type":"Feature","geometry":{"type":"Polygon","coordinates":[[[49.0985188,53.2453125],[49.0985167,53.2453445],[49.098423,53.2453423],[49.0984251,53.2453103],[49.0985188,53.2453125]]]},"properties":{"id":"915334e1-dd53-47d5-9d11-81e15ba4270f","source_type":"ml","class":null,"subtype":null,"height":null,"num_floors":null}},{"type":"Feature","geometry":{"type":"Polygon","coordinates":[[[49.098659,53.2455293],[49.0986518,53.2455722],[49.0985695,53.2455672],[49.0985767,53.2455243],[49.098659,53.2455293]]]},"properties":{"id":"98e7658c-075d-458f-9d98-a56a2add8928","source_type":"ml","class":null,"subtype":null,"height":null,"num_floors":null}},{"type":"Feature","geometry":{"type":"Polygon","coordinates":[[[49.0991396,53.2453588],[49.0991396,53.2454166],[49.0988821,53.2454166],[49.0988821,53.2453476],[49.0989545,53.2453476],[49.0989545,53.2453749],[49.0989974,53.2453749],[49.0989974,53.2453588],[49.0991396,53.2453588]]]},"properties":{"id":"bb9f32f1-190c-43a4-8985-d8ba05081ff1","source_type":"ml","class":null,"subtype":null,"height":null,"num_floors":null}},{"type":"Feature","geometry":{"type":"Polygon","coordinates":[[[49.098992,53.2455222],[49.0989882,53.2455444],[49.0990546,53.2455484],[49.09905,53.2455754],[49.0989279,53.245568],[49.0989363,53.2455188],[49.098992,53.2455222]]]},"properties":{"id":"6c93f9aa-1747-44ef-af40-5322ef4518b0","source_type":"ml","class":null,"subtype":null,"height":null,"num_floors":null}},{"type":"Feature","geometry":{"type":"Polygon","coordinates":[[[49.0988353,53.2457104],[49.0989683,53.2457128],[49.0989647,53.2457824],[49.0988549,53.2457804],[49.0988561,53.2457563],[49.098833,53.2457559],[49.0988353,53.2457104]]]},"properties":{"id":"c28018ba-c9b7-4ec3-a638-f8c5a9e094e9","source_type":"ml","class":null,"subtype":null,"height":null,"num_floors":null}},{"type":"Feature","geometry":{"type":"Polygon","coordinates":[[[49.0988446,53.2459163],[49.0987267,53.2459192],[49.0987206,53.2458278],[49.0988384,53.245825],[49.0988446,53.2459163]]]},"properties":{"id":"7d829d07-714b-469e-8e5d-6bd357dc573e","source_type":"ml","class":null,"subtype":null,"height":null,"num_floors":null}},{"type":"Feature","geometry":{"type":"Polygon","coordinates":[[[49.098512,53.2457926],[49.0984102,53.2457907],[49.0984112,53.2457715],[49.098513,53.2457734],[49.098512,53.2457926]]]},"properties":{"id":"de465480-acdd-43e0-a0ac-966148de426b","source_type":"ml","class":null,"subtype":null,"height":null,"num_floors":null}},{"type":"Feature","geometry":{"type":"Polygon","coordinates":[[[49.0985274,53.246249],[49.0985298,53.24618],[49.0987486,53.2461828],[49.0987462,53.2462518],[49.0985274,53.246249]]]},"properties":{"id":"a8235a0f-1121-4a0a-84a8-24985d5f027b","source_type":"ml","class":null,"subtype":null,"height":null,"num_floors":null}},{"type":"Feature","geometry":{"type":"Polygon","coordinates":[[[49.0988875,53.2464029],[49.0987814,53.2464005],[49.0987859,53.2463293],[49.098892,53.2463317],[49.0988875,53.2464029]]]},"properties":{"id":"eee425ad-7195-46ab-bf28-b8d8c84b8e6b","source_type":"ml","class":null,"subtype":null,"height":null,"num_floors":null}},{"type":"Feature","geometry":{"type":"Polygon","coordinates":[[[49.0988773,53.2465181],[49.098875,53.246478],[49.0989179,53.2464771],[49.0989202,53.2465172],[49.0988773,53.2465181]]]},"properties":{"id":"8f82d4b5-69f7-4a64-8124-29b9a4ff4a24","source_type":"ml","class":null,"subtype":null,"height":null,"num_floors":null}},{"type":"Feature","geometry":{"type":"Polygon","coordinates":[[[49.0994394,53.2464446],[49.0994352,53.2464717],[49.0993421,53.2464664],[49.0993464,53.2464394],[49.0994394,53.2464446]]]},"properties":{"id":"4cd6d004-ce19-4ac4-b91e-b07f734e60d5","source_type":"ml","class":null,"subtype":null,"height":null,"num_floors":null}},{"type":"Feature","geometry":{"type":"Polygon","coordinates":[[[49.0998034,53.2464561],[49.0996918,53.2464546],[49.099695,53.2463728],[49.0998066,53.2463743],[49.0998034,53.2464561]]]},"properties":{"id":"3985332d-15ab-4235-ab79-82c4302e284d","source_type":"ml","class":null,"subtype":null,"height":null,"num_floors":null}},{"type":"Feature","geometry":{"type":"Polygon","coordinates":[[[49.0997598,53.2459409],[49.0997115,53.2459399],[49.0997152,53.2458742],[49.0998421,53.2458767],[49.0998371,53.2459665],[49.0997584,53.2459649],[49.0997598,53.2459409]]]},"properties":{"id":"80bf677e-ad77-43d1-9f1f-db5384401a6c","source_type":"ml","class":null,"subtype":null,"height":null,"num_floors":null}},{"type":"Feature","geometry":{"type":"Polygon","coordinates":[[[49.0992849,53.2459215],[49.0992871,53.2458622],[49.0994239,53.2458641],[49.0994216,53.2459234],[49.0992849,53.2459215]]]},"properties":{"id":"7857546d-79c0-468c-9f9b-d179dcf036cd","source_type":"ml","class":null,"subtype":null,"height":null,"num_floors":null}},{"type":"Feature","geometry":{"type":"Polygon","coordinates":[[[49.0992909,53.2457936],[49.0992937,53.245731],[49.0994197,53.2457331],[49.0994169,53.2457956],[49.0992909,53.2457936]]]},"properties":{"id":"4e0a0f0f-717e-477f-b74b-40eeb0049dfc","source_type":"ml","class":null,"subtype":null,"height":null,"num_floors":null}},{"type":"Feature","geometry":{"type":"Polygon","coordinates":[[[49.0997183,53.2454455],[49.0997143,53.245391],[49.0998883,53.2453864],[49.0998937,53.2454584],[49.0998107,53.2454607],[49.0998094,53.245443],[49.0997183,53.2454455]]]},"properties":{"id":"105a173a-3b35-4f3d-b8ca-5a601f0e15a7","source_type":"ml","class":null,"subtype":null,"height":null,"num_floors":null}},{"type":"Feature","geometry":{"type":"Polygon","coordinates":[[[49.1006262,53.2454737],[49.1005244,53.2454715],[49.1005277,53.245417],[49.1006295,53.2454192],[49.1006262,53.2454737]]]},"properties":{"id":"37c8ca0c-c3b3-42db-9573-7780a0ff975b","source_type":"ml","class":null,"subtype":null,"height":null,"num_floors":null}},{"type":"Feature","geometry":{"type":"Polygon","coordinates":[[[49.1009619,53.2458408],[49.1008371,53.2458369],[49.1008417,53.2457834],[49.1009665,53.2457873],[49.1009619,53.2458408]]]},"properties":{"id":"2111e2bf-1b6f-4e04-85f6-79a4ee802fed","source_type":"ml","class":null,"subtype":null,"height":null,"num_floors":null}},{"type":"Feature","geometry":{"type":"Polygon","coordinates":[[[49.1010449,53.2458806],[49.1010554,53.2458398],[49.1011576,53.2458492],[49.1011471,53.24589],[49.1010449,53.2458806]]]},"properties":{"id":"0f321844-c0a1-436b-8338-8c1cb268ba6b","source_type":"ml","class":null,"subtype":null,"height":null,"num_floors":null}},{"type":"Feature","geometry":{"type":"Polygon","coordinates":[[[49.1016067,53.2446959],[49.101698,53.2447051],[49.1016895,53.2447355],[49.1015982,53.2447263],[49.1016067,53.2446959]]]},"properties":{"id":"65984998-cb0f-4f99-b4eb-3110f1f60618","source_type":"ml","class":null,"subtype":null,"height":null,"num_floors":null}},{"type":"Feature","geometry":{"type":"Polygon","coordinates":[[[49.1013825,53.2448043],[49.1014685,53.2448169],[49.101445,53.2448745],[49.101359,53.2448619],[49.1013825,53.2448043]]]},"properties":{"id":"c3e41602-6645-48ac-bca7-fb0dcab7f29b","source_type":"ml","class":null,"subtype":null,"height":null,"num_floors":null}},{"type":"Feature","geometry":{"type":"Polygon","coordinates":[[[49.1014345,53.2451291],[49.1014328,53.2451596],[49.1013112,53.2451572],[49.1013129,53.2451267],[49.1014345,53.2451291]]]},"properties":{"id":"08c3170b-d286-41b1-974d-c3653c52835d","source_type":"ml","class":null,"subtype":null,"height":null,"num_floors":null}},{"type":"Feature","geometry":{"type":"Polygon","coordinates":[[[49.1002667,53.245282],[49.1003041,53.2452809],[49.1003028,53.245264],[49.1003867,53.2452615],[49.1003945,53.2453585],[49.1003249,53.2453606],[49.1003223,53.2453276],[49.1002705,53.2453291],[49.1002667,53.245282]]]},"properties":{"id":"94f490c0-06b0-4439-836d-ce1af90f8cee","source_type":"ml","class":null,"subtype":null,"height":null,"num_floors":null}},{"type":"Feature","geometry":{"type":"Polygon","coordinates":[[[49.1005074,53.244781],[49.1005092,53.2447409],[49.1005559,53.2447417],[49.100554,53.2447818],[49.1005074,53.244781]]]},"properties":{"id":"298e01e1-cfab-46b5-92e2-2cf5437403dc","source_type":"ml","class":null,"subtype":null,"height":null,"num_floors":null}},{"type":"Feature","geometry":{"type":"Polygon","coordinates":[[[49.1011244,53.2448338],[49.1010406,53.2448219],[49.1010668,53.2447557],[49.1011506,53.2447675],[49.1011244,53.2448338]]]},"properties":{"id":"094f8eff-83ed-4b1b-a796-4b4b25700fcb","source_type":"ml","class":null,"subtype":null,"height":null,"num_floors":null}},{"type":"Feature","geometry":{"type":"Polygon","coordinates":[[[49.1004924,53.2443213],[49.1005932,53.2443275],[49.1005839,53.2443815],[49.1004831,53.2443753],[49.1004924,53.2443213]]]},"properties":{"id":"e3f301bf-49a2-4a30-ba04-12e743356fe8","source_type":"ml","class":null,"subtype":null,"height":null,"num_floors":null}},{"type":"Feature","geometry":{"type":"Polygon","coordinates":[[[49.1006842,53.2444743],[49.100628,53.2444654],[49.100668,53.2443747],[49.1007241,53.2443836],[49.1006842,53.2444743]]]},"properties":{"id":"ac528875-0075-407d-894e-3d1f1e24dc82","source_type":"ml","class":null,"subtype":null,"height":null,"num_floors":null}},{"type":"Feature","geometry":{"type":"Polygon","coordinates":[[[49.101355,53.244411],[49.101403,53.2444133],[49.1013945,53.2444787],[49.1013465,53.2444765],[49.101355,53.244411]]]},"properties":{"id":"ffd5bfa2-c826-4aa9-b852-5c08f3be129e","source_type":"ml","class":null,"subtype":null,"height":null,"num_floors":null}},{"type":"Feature","geometry":{"type":"Polygon","coordinates":[[[49.1017386,53.2445715],[49.1017809,53.2445569],[49.1018285,53.2446063],[49.1017862,53.2446209],[49.1017386,53.2445715]]]},"properties":{"id":"d8b29dbb-674b-4a57-8c9a-8da6e7036dad","source_type":"ml","class":null,"subtype":null,"height":null,"num_floors":null}},{"type":"Feature","geometry":{"type":"Polygon","coordinates":[[[49.1023578,53.2445532],[49.1022979,53.2445515],[49.1023048,53.2444643],[49.1023648,53.244466],[49.1023578,53.2445532]]]},"properties":{"id":"1e311a18-31b3-48fb-b208-3355768a6e1e","source_type":"ml","class":null,"subtype":null,"height":null,"num_floors":null}},{"type":"Feature","geometry":{"type":"Polygon","coordinates":[[[49.1023281,53.2448368],[49.1023255,53.2448816],[49.1021792,53.2448786],[49.1021818,53.2448337],[49.1023281,53.2448368]]]},"properties":{"id":"7255a45a-c82d-4d1a-8bf6-edd00efb3939","source_type":"ml","class":null,"subtype":null,"height":null,"num_floors":null}},{"type":"Feature","geometry":{"type":"Polygon","coordinates":[[[49.1027042,53.2454968],[49.102774,53.2454968],[49.102774,53.245545],[49.1027042,53.245545],[49.1027042,53.2454968]]]},"properties":{"id":"a84f653e-774b-4649-9ab9-747765c1af68","source_type":"ml","class":null,"subtype":null,"height":null,"num_floors":null}},{"type":"Feature","geometry":{"type":"Polygon","coordinates":[[[49.1022158,53.248432],[49.1022171,53.2483595],[49.1022736,53.2483599],[49.1022747,53.2482993],[49.1023808,53.2483],[49.1023786,53.248433],[49.1022158,53.248432]]]},"properties":{"id":"9522d6ff-f943-4bc6-9a6f-11c33af92c9d","source_type":"osm","class":null,"subtype":null,"height":null,"num_floors":null}},{"type":"Feature","geometry":{"type":"Polygon","coordinates":[[[49.101706,53.2493101],[49.1017001,53.2492857],[49.1017828,53.2492786],[49.1017887,53.249303],[49.101706,53.2493101]]]},"properties":{"id":"154f4ff0-f097-4d57-b096-609250c24bff","source_type":"ml","class":null,"subtype":null,"height":null,"num_floors":null}},{"type":"Feature","geometry":{"type":"Polygon","coordinates":[[[49.1014389,53.2491256],[49.1013035,53.2491278],[49.1012976,53.2489954],[49.1014316,53.2489933],[49.1014331,53.2490278],[49.1013983,53.2490284],[49.1013997,53.2490605],[49.1014359,53.2490599],[49.1014389,53.2491256]]]},"properties":{"id":"f50a97a4-54b3-428e-80c2-bca3e93ceed7","source_type":"ml","class":null,"subtype":null,"height":null,"num_floors":null}},{"type":"Feature","geometry":{"type":"Polygon","coordinates":[[[49.1008275,53.2487454],[49.1008234,53.2488159],[49.1007109,53.2488135],[49.100715,53.248743],[49.1008275,53.2487454]]]},"properties":{"id":"ea7e7fa8-f228-4f06-b190-e68c1d353d5d","source_type":"ml","class":null,"subtype":null,"height":null,"num_floors":null}},{"type":"Feature","geometry":{"type":"Polygon","coordinates":[[[49.1016424,53.2483948],[49.1016467,53.2484412],[49.101604,53.2484426],[49.1015997,53.2483962],[49.1016424,53.2483948]]]},"properties":{"id":"412d80d7-74f7-4408-941e-d4a9883128cb","source_type":"ml","class":null,"subtype":null,"height":null,"num_floors":null}},{"type":"Feature","geometry":{"type":"Polygon","coordinates":[[[49.1017389,53.2485573],[49.1017347,53.2484771],[49.1017829,53.2484762],[49.1017871,53.2485564],[49.1017389,53.2485573]]]},"properties":{"id":"c05ed38e-3b9a-410b-b672-639de369ef11","source_type":"ml","class":null,"subtype":null,"height":null,"num_floors":null}},{"type":"Feature","geometry":{"type":"Polygon","coordinates":[[[49.1014076,53.2476846],[49.1014063,53.2476484],[49.1015377,53.2476468],[49.1015389,53.247683],[49.1014076,53.2476846]]]},"properties":{"id":"daff850b-9aef-464f-8b6a-f2f0113c5f2e","source_type":"ml","class":null,"subtype":null,"height":null,"num_floors":null}},{"type":"Feature","geometry":{"type":"Polygon","coordinates":[[[49.1013828,53.2476849],[49.1013265,53.2476858],[49.101325,53.2476505],[49.1013813,53.2476496],[49.1013828,53.2476849]]]},"properties":{"id":"0fe27d26-10aa-4732-9f41-73ccd41a3261","source_type":"ml","class":null,"subtype":null,"height":null,"num_floors":null}},{"type":"Feature","geometry":{"type":"Polygon","coordinates":[[[49.1011889,53.2472444],[49.1011922,53.2471764],[49.1012753,53.2471778],[49.101272,53.2472458],[49.1011889,53.2472444]]]},"properties":{"id":"b663492e-c9b1-4384-abdc-ffc6dad35df3","source_type":"ml","class":null,"subtype":null,"height":null,"num_floors":null}},{"type":"Feature","geometry":{"type":"Polygon","coordinates":[[[49.0993142,53.2477451],[49.0993692,53.247746],[49.0993673,53.2477877],[49.0993122,53.2477868],[49.0993142,53.2477451]]]},"properties":{"id":"ecdda704-736a-4b74-a432-f9bfec389254","source_type":"ml","class":null,"subtype":null,"height":null,"num_floors":null}},{"type":"Feature","geometry":{"type":"Polygon","coordinates":[[[49.0994305,53.2476704],[49.0994287,53.2477442],[49.0992946,53.247743],[49.0992964,53.2476692],[49.0994305,53.2476704]]]},"properties":{"id":"e0a686a9-12ba-46ef-a092-2c434d077c54","source_type":"ml","class":null,"subtype":null,"height":null,"num_floors":null}},{"type":"Feature","geometry":{"type":"Polygon","coordinates":[[[49.0988966,53.2472515],[49.098892,53.2471707],[49.0989938,53.2471686],[49.0989984,53.2472494],[49.0988966,53.2472515]]]},"properties":{"id":"cb2e3062-f1eb-49c4-a26b-d4bf07d94f67","source_type":"ml","class":null,"subtype":null,"height":null,"num_floors":null}},{"type":"Feature","geometry":{"type":"Polygon","coordinates":[[[49.098921,53.2467798],[49.0989169,53.2467221],[49.0990213,53.2467194],[49.0990254,53.2467771],[49.098921,53.2467798]]]},"properties":{"id":"a3682d3d-afe1-4fe6-8b70-16e5555dcf8d","source_type":"ml","class":null,"subtype":null,"height":null,"num_floors":null}},{"type":"Feature","geometry":{"type":"Polygon","coordinates":[[[49.0988702,53.2469046],[49.0988689,53.2468822],[49.0989102,53.2468813],[49.098908,53.246846],[49.0990114,53.2468438],[49.0990149,53.2469015],[49.0988702,53.2469046]]]},"properties":{"id":"2470128d-a17f-4f09-aa6a-14103132a0ec","source_type":"ml","class":null,"subtype":null,"height":null,"num_floors":null}},{"type":"Feature","geometry":{"type":"Polygon","coordinates":[[[49.0985457,53.2471837],[49.0985443,53.2472527],[49.0983957,53.2472516],[49.098397,53.2471826],[49.0985457,53.2471837]]]},"properties":{"id":"dd3d7f1a-5b04-41da-850f-67f8e54a4364","source_type":"ml","class":null,"subtype":null,"height":null,"num_floors":null}},{"type":"Feature","geometry":{"type":"Polygon","coordinates":[[[49.0985341,53.2477023],[49.0985227,53.2477511],[49.0984306,53.2477434],[49.0984421,53.2476946],[49.0985341,53.2477023]]]},"properties":{"id":"b6dc91bf-e3f2-4fb9-8f48-cddae49a6a80","source_type":"ml","class":null,"subtype":null,"height":null,"num_floors":null}},{"type":"Feature","geometry":{"type":"Polygon","coordinates":[[[49.0989358,53.2475192],[49.0990007,53.2475239],[49.0989954,53.2475499],[49.0989305,53.2475451],[49.0989358,53.2475192]]]},"properties":{"id":"ecfaf5f6-acde-4be0-96cc-fa96e6b23d7c","source_type":"ml","class":null,"subtype":null,"height":null,"num_floors":null}},{"type":"Feature","geometry":{"type":"Polygon","coordinates":[[[49.0988775,53.2475842],[49.0988782,53.2475553],[49.0989372,53.2475558],[49.0989365,53.2475847],[49.0988775,53.2475842]]]},"properties":{"id":"de9a2003-7895-4b15-a86d-24ce9f88f879","source_type":"ml","class":null,"subtype":null,"height":null,"num_floors":null}},{"type":"Feature","geometry":{"type":"Polygon","coordinates":[[[49.0986001,53.2482122],[49.0986644,53.248213],[49.0986613,53.2482974],[49.0985969,53.2482966],[49.0986001,53.2482122]]]},"properties":{"id":"c6023815-6d3a-4710-a42f-6b3e42bd6bac","source_type":"ml","class":null,"subtype":null,"height":null,"num_floors":null}},{"type":"Feature","geometry":{"type":"Polygon","coordinates":[[[49.0992749,53.2483821],[49.0993899,53.2483788],[49.0993954,53.2484461],[49.0992803,53.2484494],[49.0992749,53.2483821]]]},"properties":{"id":"3aa8d2d6-8a9f-4dbd-8399-59dbe88d907c","source_type":"ml","class":null,"subtype":null,"height":null,"num_floors":null}},{"type":"Feature","geometry":{"type":"Polygon","coordinates":[[[49.095208,53.248233],[49.0952058,53.2482706],[49.0951361,53.2482691],[49.0951384,53.2482315],[49.095208,53.248233]]]},"properties":{"id":"b0b0ff79-55e6-40da-ad29-15ba2a51b851","source_type":"ml","class":null,"subtype":null,"height":null,"num_floors":null}},{"type":"Feature","geometry":{"type":"Polygon","coordinates":[[[49.0953356,53.2468143],[49.0953399,53.2467447],[49.0954524,53.2467472],[49.0954482,53.2468168],[49.0953356,53.2468143]]]},"properties":{"id":"d8b55f94-fc0a-4e16-9453-71864b09f650","source_type":"ml","class":null,"subtype":null,"height":null,"num_floors":null}},{"type":"Feature","geometry":{"type":"Polygon","coordinates":[[[49.0956204,53.2467452],[49.0957722,53.2467441],[49.0957733,53.2468028],[49.0956216,53.2468039],[49.0956204,53.2467452]]]},"properties":{"id":"d260da1c-6f49-4e3e-a260-5b704981e7db","source_type":"ml","class":null,"subtype":null,"height":null,"num_floors":null}},{"type":"Feature","geometry":{"type":"Polygon","coordinates":[[[49.0954989,53.2471924],[49.0955102,53.2471469],[49.0955642,53.2471518],[49.0955528,53.2471973],[49.0954989,53.2471924]]]},"properties":{"id":"e3f9b50a-708d-4e08-834e-85cc022dc646","source_type":"ml","class":null,"subtype":null,"height":null,"num_floors":null}},{"type":"Feature","geometry":{"type":"Polygon","coordinates":[[[49.0955889,53.2473109],[49.0955935,53.2472478],[49.0957178,53.247251],[49.0957132,53.2473142],[49.0955889,53.2473109]]]},"properties":{"id":"3e655f6e-633a-4448-a91b-fd672e15f575","source_type":"ml","class":null,"subtype":null,"height":null,"num_floors":null}},{"type":"Feature","geometry":{"type":"Polygon","coordinates":[[[49.0963037,53.2472107],[49.0963051,53.2471812],[49.0962354,53.2471801],[49.0962387,53.2471079],[49.0963674,53.24711],[49.0963627,53.2472117],[49.0963037,53.2472107]]]},"properties":{"id":"2bc6ecdb-f412-4348-b2e0-a7bca7218454","source_type":"ml","class":null,"subtype":null,"height":null,"num_floors":null}},{"type":"Feature","geometry":{"type":"Polygon","coordinates":[[[49.0962954,53.2469302],[49.0962946,53.2469629],[49.0961981,53.2469622],[49.0961988,53.2469294],[49.0962954,53.2469302]]]},"properties":{"id":"e350ee63-8c7a-4b57-82da-b52011237e66","source_type":"ml","class":null,"subtype":null,"height":null,"num_floors":null}},{"type":"Feature","geometry":{"type":"Polygon","coordinates":[[[49.0965297,53.2468181],[49.0965301,53.2467651],[49.096632,53.2467654],[49.0966316,53.2468184],[49.0965297,53.2468181]]]},"properties":{"id":"5f7cfb6c-2775-457c-8a88-1236f423f0ce","source_type":"ml","class":null,"subtype":null,"height":null,"num_floors":null}},{"type":"Feature","geometry":{"type":"Polygon","coordinates":[[[49.0972781,53.2471837],[49.0972781,53.2471237],[49.0973157,53.2471237],[49.0973157,53.2471837],[49.0972781,53.2471837]]]},"properties":{"id":"36361b8e-be81-45f6-82d7-9c9a64246ed5","source_type":"ml","class":null,"subtype":null,"height":null,"num_floors":null}},{"type":"Feature","geometry":{"type":"Polygon","coordinates":[[[49.0965491,53.2470991],[49.096647,53.2471013],[49.0966413,53.2471927],[49.0965434,53.2471905],[49.0965491,53.2470991]]]},"properties":{"id":"0d4e38f3-2b0a-4e4f-a4b8-aeaa6b6a43f8","source_type":"ml","class":null,"subtype":null,"height":null,"num_floors":null}},{"type":"Feature","geometry":{"type":"Polygon","coordinates":[[[49.0971571,53.2478416],[49.0970231,53.24784],[49.0970254,53.2477726],[49.0971353,53.2477739],[49.097134,53.2478124],[49.0971581,53.2478127],[49.0971571,53.2478416]]]},"properties":{"id":"526670c5-dd70-4592-82b6-d0e41a23681c","source_type":"ml","class":null,"subtype":null,"height":null,"num_floors":null}},{"type":"Feature","geometry":{"type":"Polygon","coordinates":[[[49.0971501,53.2480165],[49.0971972,53.248021],[49.0971895,53.2480501],[49.0971424,53.2480457],[49.0971501,53.2480165]]]},"properties":{"id":"95c8770b-0b16-460b-81ed-654fa06a952f","source_type":"ml","class":null,"subtype":null,"height":null,"num_floors":null}},{"type":"Feature","geometry":{"type":"Polygon","coordinates":[[[49.0973513,53.247916],[49.0973601,53.2478098],[49.0975005,53.247814],[49.097494,53.2478914],[49.0974325,53.2478896],[49.0974301,53.2479184],[49.0973513,53.247916]]]},"properties":{"id":"9ce62ade-6a69-4abf-99bc-b113e39f9f68","source_type":"ml","class":null,"subtype":null,"height":null,"num_floors":null}},{"type":"Feature","geometry":{"type":"Polygon","coordinates":[[[49.0970266,53.2477217],[49.097025,53.2476954],[49.0969446,53.2476972],[49.0969412,53.2476417],[49.0970725,53.2476388],[49.0970775,53.2477205],[49.0970266,53.2477217]]]},"properties":{"id":"e688e12b-7ae7-4a95-899a-a786cc65c2a0","source_type":"ml","class":null,"subtype":null,"height":null,"num_floors":null}},{"type":"Feature","geometry":{"type":"Polygon","coordinates":[[[49.0978257,53.2477315],[49.0976864,53.2477288],[49.0976909,53.2476486],[49.0977793,53.2476504],[49.0977779,53.2476744],[49.0978289,53.2476754],[49.0978257,53.2477315]]]},"properties":{"id":"c77fc5ed-9255-44aa-b55c-b60520126229","source_type":"ml","class":null,"subtype":null,"height":null,"num_floors":null}},{"type":"Feature","geometry":{"type":"Polygon","coordinates":[[[49.0983147,53.2479025],[49.0982291,53.2479003],[49.0982331,53.2478442],[49.0983187,53.2478464],[49.0983147,53.2479025]]]},"properties":{"id":"7d027ffd-136d-45be-8cf2-dfaf9ab1b03a","source_type":"ml","class":null,"subtype":null,"height":null,"num_floors":null}},{"type":"Feature","geometry":{"type":"Polygon","coordinates":[[[49.0975165,53.2470739],[49.0974362,53.2470721],[49.0974372,53.2470545],[49.0975176,53.2470562],[49.0975165,53.2470739]]]},"properties":{"id":"2d9428a5-1791-4df5-8e05-26e3075cf461","source_type":"ml","class":null,"subtype":null,"height":null,"num_floors":null}},{"type":"Feature","geometry":{"type":"Polygon","coordinates":[[[49.0976685,53.24698],[49.0976632,53.2470409],[49.0976311,53.2470399],[49.0976349,53.2469956],[49.0975868,53.2469942],[49.0975882,53.2469776],[49.0976685,53.24698]]]},"properties":{"id":"a130419c-18eb-4ac0-b36e-b55fe5e49a8b","source_type":"ml","class":null,"subtype":null,"height":null,"num_floors":null}},{"type":"Feature","geometry":{"type":"Polygon","coordinates":[[[49.0977338,53.246728],[49.0976296,53.2467195],[49.0976457,53.2466486],[49.09775,53.2466571],[49.0977338,53.246728]]]},"properties":{"id":"12e44f39-7953-4548-b7bb-1b799ff6fbf0","source_type":"ml","class":null,"subtype":null,"height":null,"num_floors":null}},{"type":"Feature","geometry":{"type":"Polygon","coordinates":[[[49.0973864,53.2465179],[49.0974534,53.246517],[49.0974558,53.246586],[49.0973888,53.2465869],[49.0973864,53.2465179]]]},"properties":{"id":"c400c1e4-300a-4c09-b7e1-3d7175753b7c","source_type":"ml","class":null,"subtype":null,"height":null,"num_floors":null}},{"type":"Feature","geometry":{"type":"Polygon","coordinates":[[[49.0969559,53.2467216],[49.0969662,53.2466824],[49.0970081,53.2466864],[49.0969977,53.2467256],[49.0969559,53.2467216]]]},"properties":{"id":"7a24b85f-7f2a-44d7-b36e-af509016850e","source_type":"ml","class":null,"subtype":null,"height":null,"num_floors":null}},{"type":"Feature","geometry":{"type":"Polygon","coordinates":[[[49.0967376,53.2466824],[49.0967343,53.2465563],[49.096804,53.2465556],[49.0968056,53.246616],[49.0968603,53.2466155],[49.0968621,53.2466812],[49.0967376,53.2466824]]]},"properties":{"id":"8f80ad0b-0cf6-48ec-bd53-5a98da3df491","source_type":"ml","class":null,"subtype":null,"height":null,"num_floors":null}},{"type":"Feature","geometry":{"type":"Polygon","coordinates":[[[49.0966369,53.2464229],[49.0967146,53.2464246],[49.0967105,53.2464904],[49.0966194,53.2464883],[49.0966211,53.2464611],[49.0965381,53.2464592],[49.0965417,53.2464015],[49.0966382,53.2464037],[49.0966369,53.2464229]]]},"properties":{"id":"74d2dee2-084f-4ab3-88ef-08e935ecc5dc","source_type":"ml","class":null,"subtype":null,"height":null,"num_floors":null}},{"type":"Feature","geometry":{"type":"Polygon","coordinates":[[[49.0970857,53.2461138],[49.0970835,53.2460705],[49.0971897,53.2460686],[49.0971919,53.2461119],[49.0970857,53.2461138]]]},"properties":{"id":"2174610b-972d-42c9-9ec7-d14deb181e77","source_type":"ml","class":null,"subtype":null,"height":null,"num_floors":null}},{"type":"Feature","geometry":{"type":"Polygon","coordinates":[[[49.0970718,53.2461367],[49.0972032,53.2461381],[49.0972008,53.2462183],[49.0970694,53.2462169],[49.0970718,53.2461367]]]},"properties":{"id":"1bc8e249-b695-4eec-bf88-f695ca710a49","source_type":"ml","class":null,"subtype":null,"height":null,"num_floors":null}},{"type":"Feature","geometry":{"type":"Polygon","coordinates":[[[49.0972089,53.2459831],[49.0972883,53.2459843],[49.0972872,53.2460106],[49.0972078,53.2460094],[49.0972089,53.2459831]]]},"properties":{"id":"2acd2d39-d9a6-4d95-8531-613fc05268c2","source_type":"ml","class":null,"subtype":null,"height":null,"num_floors":null}},{"type":"Feature","geometry":{"type":"Polygon","coordinates":[[[49.0968755,53.2455596],[49.0969395,53.2455568],[49.0969444,53.2455967],[49.0968804,53.2455995],[49.0968755,53.2455596]]]},"properties":{"id":"23e08545-5ade-4140-b49a-cfb811c0d0f6","source_type":"ml","class":null,"subtype":null,"height":null,"num_floors":null}},{"type":"Feature","geometry":{"type":"Polygon","coordinates":[[[49.0975503,53.2453761],[49.0975532,53.2453216],[49.0976496,53.2453234],[49.0976475,53.2453635],[49.0976957,53.2453644],[49.0976941,53.2453948],[49.0976406,53.2453938],[49.0976414,53.2453778],[49.0975503,53.2453761]]]},"properties":{"id":"b859ce6d-eaef-470a-872a-7b6b8bbcce99","source_type":"ml","class":null,"subtype":null,"height":null,"num_floors":null}},{"type":"Feature","geometry":{"type":"Polygon","coordinates":[[[49.0975119,53.2456654],[49.0975164,53.2457359],[49.0973835,53.2457389],[49.0973789,53.2456684],[49.0975119,53.2456654]]]},"properties":{"id":"06d8fa8a-e0cd-4fb4-81e0-adbff6cce30c","source_type":"ml","class":null,"subtype":null,"height":null,"num_floors":null}},{"type":"Feature","geometry":{"type":"Polygon","coordinates":[[[49.0981283,53.245953],[49.0982364,53.2459552],[49.0982334,53.2460097],[49.0981252,53.2460075],[49.0981283,53.245953]]]},"properties":{"id":"8e3aeb26-ca3b-4237-98d8-0c71645ead9e","source_type":"ml","class":null,"subtype":null,"height":null,"num_floors":null}},{"type":"Feature","geometry":{"type":"Polygon","coordinates":[[[49.0982966,53.2454416],[49.0982296,53.2454399],[49.0982327,53.2453967],[49.0981293,53.245394],[49.098134,53.2453289],[49.0983043,53.2453333],[49.0982966,53.2454416]]]},"properties":{"id":"593b4a2b-32e7-42ad-b363-5fb0c05cb4fd","source_type":"ml","class":null,"subtype":null,"height":null,"num_floors":null}},{"type":"Feature","geometry":{"type":"Polygon","coordinates":[[[49.0979753,53.2453202],[49.0979013,53.2453181],[49.097903,53.2452972],[49.097977,53.2452994],[49.0979753,53.2453202]]]},"properties":{"id":"9cb61f1b-1145-4267-ab56-d4f6886a9ad5","source_type":"ml","class":null,"subtype":null,"height":null,"num_floors":null}},{"type":"Feature","geometry":{"type":"Polygon","coordinates":[[[49.0978813,53.245264],[49.0978197,53.2452624],[49.0978218,53.2452336],[49.0978833,53.2452351],[49.0978813,53.245264]]]},"properties":{"id":"fb3637d9-7375-4b5e-b4d1-92f1da7a0316","source_type":"ml","class":null,"subtype":null,"height":null,"num_floors":null}},{"type":"Feature","geometry":{"type":"Polygon","coordinates":[[[49.0977429,53.2451044],[49.0978154,53.2451093],[49.0978039,53.2451706],[49.0977314,53.2451657],[49.0977429,53.2451044]]]},"properties":{"id":"8e524923-5f0a-4a0c-a8c4-e351a6b9434d","source_type":"ml","class":null,"subtype":null,"height":null,"num_floors":null}},{"type":"Feature","geometry":{"type":"Polygon","coordinates":[[[49.0969424,53.2449131],[49.0970229,53.2449144],[49.09702,53.2449785],[49.0969395,53.2449772],[49.0969424,53.2449131]]]},"properties":{"id":"1dbc30c2-0b06-4518-8b73-b66f9c321eab","source_type":"ml","class":null,"subtype":null,"height":null,"num_floors":null}},{"type":"Feature","geometry":{"type":"Polygon","coordinates":[[[49.0969007,53.2451159],[49.0968967,53.2451816],[49.0967788,53.245179],[49.0967829,53.2451133],[49.0969007,53.2451159]]]},"properties":{"id":"ea30d9e7-4951-433e-a139-c6836cf83b61","source_type":"ml","class":null,"subtype":null,"height":null,"num_floors":null}},{"type":"Feature","geometry":{"type":"Polygon","coordinates":[[[49.0959484,53.2453035],[49.0959514,53.2452432],[49.0960951,53.2452458],[49.0960921,53.2453061],[49.0959484,53.2453035]]]},"properties":{"id":"44a5d1a6-1ad6-4e4d-b302-448e9ab9ea8f","source_type":"ml","class":null,"subtype":null,"height":null,"num_floors":null}},{"type":"Feature","geometry":{"type":"Polygon","coordinates":[[[49.0959111,53.2451183],[49.0959143,53.2451808],[49.0958295,53.2451824],[49.0958263,53.2451198],[49.0959111,53.2451183]]]},"properties":{"id":"6cdcd64b-04b5-40ec-9544-b72805e7ee13","source_type":"ml","class":null,"subtype":null,"height":null,"num_floors":null}},{"type":"Feature","geometry":{"type":"Polygon","coordinates":[[[49.0954494,53.2453238],[49.095318,53.2453226],[49.0953198,53.2452536],[49.0954324,53.2452546],[49.0954318,53.2452771],[49.0954506,53.2452773],[49.0954494,53.2453238]]]},"properties":{"id":"61a3d4c3-2186-4fbc-a780-752804802f77","source_type":"ml","class":null,"subtype":null,"height":null,"num_floors":null}},{"type":"Feature","geometry":{"type":"Polygon","coordinates":[[[49.0961925,53.2455795],[49.0961962,53.2455035],[49.096289,53.2455051],[49.0962854,53.2455811],[49.0961925,53.2455795]]]},"properties":{"id":"0f35f9a4-e459-4876-b9f9-3731c48a3699","source_type":"ml","class":null,"subtype":null,"height":null,"num_floors":null}},{"type":"Feature","geometry":{"type":"Polygon","coordinates":[[[49.0961908,53.2458199],[49.0963006,53.2458225],[49.096296,53.2458914],[49.0961862,53.2458888],[49.0961908,53.2458199]]]},"properties":{"id":"9714f753-6d79-4d99-a58f-39bd7070873c","source_type":"ml","class":null,"subtype":null,"height":null,"num_floors":null}},{"type":"Feature","geometry":{"type":"Polygon","coordinates":[[[49.0958902,53.2461463],[49.0958923,53.2460943],[49.0959952,53.2460958],[49.0959917,53.2461815],[49.0958486,53.2461794],[49.09585,53.2461458],[49.0958902,53.2461463]]]},"properties":{"id":"b6286afb-9c74-4ae5-ae45-c3c96b55a7af","source_type":"ml","class":null,"subtype":null,"height":null,"num_floors":null}},{"type":"Feature","geometry":{"type":"Polygon","coordinates":[[[49.0957091,53.2461221],[49.0958404,53.2461195],[49.095844,53.2461862],[49.0957128,53.2461888],[49.0957091,53.2461221]]]},"properties":{"id":"1a7d4af0-553e-46a4-8117-48acdadacdad","source_type":"ml","class":null,"subtype":null,"height":null,"num_floors":null}},{"type":"Feature","geometry":{"type":"Polygon","coordinates":[[[49.0961581,53.246442],[49.0961207,53.2464411],[49.0961245,53.2463872],[49.096162,53.2463882],[49.0961581,53.246442]]]},"properties":{"id":"7ae0338f-d455-4d41-9810-af14de1ff1b2","source_type":"ml","class":null,"subtype":null,"height":null,"num_floors":null}},{"type":"Feature","geometry":{"type":"Polygon","coordinates":[[[49.0955032,53.2466792],[49.0953477,53.246677],[49.0953502,53.2466138],[49.0955056,53.2466159],[49.0955032,53.2466792]]]},"properties":{"id":"691910ea-74a7-4168-8f53-7d84e33f9d18","source_type":"ml","class":null,"subtype":null,"height":null,"num_floors":null}},{"type":"Feature","geometry":{"type":"Polygon","coordinates":[[[49.0953856,53.2460937],[49.0953803,53.2461561],[49.0952743,53.2461529],[49.0952814,53.2460706],[49.0953419,53.2460724],[49.0953402,53.2460923],[49.0953856,53.2460937]]]},"properties":{"id":"044a5504-88e6-4608-af02-7cbbe890cde0","source_type":"ml","class":null,"subtype":null,"height":null,"num_floors":null}},{"type":"Feature","geometry":{"type":"Polygon","coordinates":[[[49.0951969,53.2460666],[49.0951932,53.2461629],[49.0951155,53.2461618],[49.0951192,53.2460656],[49.0951969,53.2460666]]]},"properties":{"id":"234e2ef3-4727-4067-9c47-093cd49e3d14","source_type":"ml","class":null,"subtype":null,"height":null,"num_floors":null}},{"type":"Feature","geometry":{"type":"Polygon","coordinates":[[[49.0975074,53.2514033],[49.0974393,53.2514032],[49.0974394,53.2513625],[49.0975075,53.2513626],[49.0975074,53.2514033]]]},"properties":{"id":"226d7f73-4839-4bd1-bd78-1f4e21370158","source_type":"ml","class":null,"subtype":null,"height":null,"num_floors":null}},{"type":"Feature","geometry":{"type":"Polygon","coordinates":[[[49.0982033,53.2505732],[49.0982092,53.2504899],[49.0983029,53.2504923],[49.098297,53.2505756],[49.0982033,53.2505732]]]},"properties":{"id":"99aed487-2a64-41e5-9d0a-06b106ea5177","source_type":"ml","class":null,"subtype":null,"height":null,"num_floors":null}},{"type":"Feature","geometry":{"type":"Polygon","coordinates":[[[49.0984296,53.250398],[49.0983371,53.2503956],[49.0983389,53.2503716],[49.0984314,53.250374],[49.0984296,53.250398]]]},"properties":{"id":"a8df8f62-be84-403c-b973-6769132b8b1c","source_type":"ml","class":null,"subtype":null,"height":null,"num_floors":null}},{"type":"Feature","geometry":{"type":"Polygon","coordinates":[[[49.097189,53.2503229],[49.0971876,53.250279],[49.0972829,53.2502778],[49.0972858,53.2503645],[49.0971947,53.2503656],[49.0971932,53.2503229],[49.097189,53.2503229]]]},"properties":{"id":"3b3afb43-0ed3-4423-8ec8-647794cca11b","source_type":"ml","class":null,"subtype":null,"height":null,"num_floors":null}},{"type":"Feature","geometry":{"type":"Polygon","coordinates":[[[49.0989557,53.2498776],[49.0989508,53.249953],[49.0988383,53.2499503],[49.0988432,53.249875],[49.0989557,53.2498776]]]},"properties":{"id":"41df367b-8d7f-4711-b08d-e949d386bd04","source_type":"ml","class":null,"subtype":null,"height":null,"num_floors":null}},{"type":"Feature","geometry":{"type":"Polygon","coordinates":[[[49.0990484,53.2507336],[49.0991101,53.2507336],[49.0991101,53.2507737],[49.0990484,53.2507737],[49.0990484,53.2507336]]]},"properties":{"id":"05c26ffd-72c2-4c6e-b846-b410d18d8924","source_type":"ml","class":null,"subtype":null,"height":null,"num_floors":null}},{"type":"Feature","geometry":{"type":"Polygon","coordinates":[[[49.0999017,53.2513308],[49.0999594,53.2513286],[49.099965,53.2513797],[49.0999073,53.251382],[49.0999017,53.2513308]]]},"properties":{"id":"b293ff7b-523b-41aa-8485-d7e1507cadfd","source_type":"ml","class":null,"subtype":null,"height":null,"num_floors":null}},{"type":"Feature","geometry":{"type":"Polygon","coordinates":[[[49.0992355,53.2482755],[49.0991307,53.2482701],[49.0991371,53.2482112],[49.099239,53.2482157],[49.0992355,53.2482755]]]},"properties":{"id":"3e453c40-f8fb-48fb-93fb-f569bda6102b","source_type":"my","class":"house","subtype":"residential","height":null,"num_floors":2}},{"type":"Feature","geometry":{"type":"Polygon","coordinates":[[[49.0989253,53.2478955],[49.098861,53.2478942],[49.0988655,53.2478351],[49.0989287,53.2478365],[49.0989253,53.2478955]]]},"properties":{"id":"a837008a-e7a8-4222-906c-2fec8f6445fb","source_type":"my","class":"house","subtype":"residential","height":null,"num_floors":2}},{"type":"Feature","geometry":{"type":"Polygon","coordinates":[[[49.0990335,53.2445596],[49.0989943,53.2445558],[49.0990038,53.2445198],[49.099043,53.2445236],[49.0990335,53.2445596]]]},"properties":{"id":"30a5a383-6e0e-4614-998e-7690574c4f9c","source_type":"ml","class":null,"subtype":null,"height":null,"num_floors":null}},{"type":"Feature","geometry":{"type":"Polygon","coordinates":[[[49.0992012,53.2445842],[49.099303,53.2445861],[49.0992992,53.2446599],[49.0991973,53.244658],[49.0992012,53.2445842]]]},"properties":{"id":"94c71ca1-7bd1-486a-8147-8e726e6bc26e","source_type":"ml","class":null,"subtype":null,"height":null,"num_floors":null}},{"type":"Feature","geometry":{"type":"Polygon","coordinates":[[[49.0998001,53.2443391],[49.0997426,53.2443334],[49.099757,53.2442812],[49.0998145,53.2442869],[49.0998001,53.2443391]]]},"properties":{"id":"12fd04a2-a35a-4e7d-8593-033fa55169e2","source_type":"ml","class":null,"subtype":null,"height":null,"num_floors":null}},{"type":"Feature","geometry":{"type":"Polygon","coordinates":[[[49.0993567,53.2450701],[49.099359,53.2450236],[49.0994572,53.2450254],[49.0994549,53.2450719],[49.0993567,53.2450701]]]},"properties":{"id":"4e194363-1b8e-4930-9161-c633f694a13f","source_type":"ml","class":null,"subtype":null,"height":null,"num_floors":null}},{"type":"Feature","geometry":{"type":"Polygon","coordinates":[[[49.0990117,53.2452866],[49.0988643,53.2452883],[49.0988621,53.2452193],[49.0990096,53.2452176],[49.0990117,53.2452866]]]},"properties":{"id":"77e4ad29-f7e4-4e85-a970-eaac9a3b326c","source_type":"ml","class":null,"subtype":null,"height":null,"num_floors":null}},{"type":"Feature","geometry":{"type":"Polygon","coordinates":[[[49.0987182,53.2447027],[49.0987263,53.2446363],[49.098785,53.2446388],[49.0987769,53.2447053],[49.0987182,53.2447027]]]},"properties":{"id":"9e691bae-8d78-4763-855f-45d647c3c506","source_type":"ml","class":null,"subtype":null,"height":null,"num_floors":null}},{"type":"Feature","geometry":{"type":"Polygon","coordinates":[[[49.0985245,53.2457702],[49.0983735,53.2457672],[49.0983755,53.2457304],[49.0985265,53.2457333],[49.0985245,53.2457702]]]},"properties":{"id":"8bde3fae-7124-4dcd-88c5-dcb9aa2dc90e","source_type":"ml","class":null,"subtype":null,"height":null,"num_floors":null}},{"type":"Feature","geometry":{"type":"Polygon","coordinates":[[[49.0986097,53.246319],[49.0986135,53.2463719],[49.0985599,53.2463733],[49.0985561,53.2463204],[49.0986097,53.246319]]]},"properties":{"id":"33dadd3e-883b-45d3-8a56-56e5adc2cd88","source_type":"ml","class":null,"subtype":null,"height":null,"num_floors":null}},{"type":"Feature","geometry":{"type":"Polygon","coordinates":[[[49.0985022,53.2463218],[49.0985039,53.2463458],[49.0985227,53.2463453],[49.0985249,53.2463773],[49.0984633,53.2463789],[49.0984594,53.2463228],[49.0985022,53.2463218]]]},"properties":{"id":"472b3700-9cc8-4a8a-85ac-4efd9fc80552","source_type":"ml","class":null,"subtype":null,"height":null,"num_floors":null}},{"type":"Feature","geometry":{"type":"Polygon","coordinates":[[[49.0986585,53.2467316],[49.0986594,53.246669],[49.0987549,53.2466695],[49.0987539,53.2467321],[49.0986585,53.2467316]]]},"properties":{"id":"c8a97fea-7448-4f5c-832e-d90d2e7c83f7","source_type":"ml","class":null,"subtype":null,"height":null,"num_floors":null}},{"type":"Feature","geometry":{"type":"Polygon","coordinates":[[[49.1002392,53.2464061],[49.1003062,53.2464067],[49.1003044,53.2464805],[49.1001328,53.246479],[49.1001355,53.2463683],[49.1002401,53.2463692],[49.1002392,53.2464061]]]},"properties":{"id":"49a8d83c-5a85-4b1f-b58d-9b52a729826c","source_type":"ml","class":null,"subtype":null,"height":null,"num_floors":null}},{"type":"Feature","geometry":{"type":"Polygon","coordinates":[[[49.0999232,53.2458247],[49.0999225,53.2458423],[49.0998652,53.2458415],[49.0998686,53.245754],[49.100016,53.245756],[49.1000134,53.2458259],[49.0999232,53.2458247]]]},"properties":{"id":"c99e13e6-6d91-4260-b01b-dd4fdd7761a5","source_type":"ml","class":null,"subtype":null,"height":null,"num_floors":null}},{"type":"Feature","geometry":{"type":"Polygon","coordinates":[[[49.0998576,53.24604],[49.0998611,53.2459791],[49.0998996,53.2459799],[49.0998961,53.2460408],[49.0998576,53.24604]]]},"properties":{"id":"a324cdf8-b8ba-464c-8ded-e77e918bbf43","source_type":"ml","class":null,"subtype":null,"height":null,"num_floors":null}},{"type":"Feature","geometry":{"type":"Polygon","coordinates":[[[49.1004944,53.2456868],[49.1004275,53.2456887],[49.100424,53.2456439],[49.1004909,53.245642],[49.1004944,53.2456868]]]},"properties":{"id":"7d9bdb03-0d06-4325-a96c-5c9d3c722de3","source_type":"ml","class":null,"subtype":null,"height":null,"num_floors":null}},{"type":"Feature","geometry":{"type":"Polygon","coordinates":[[[49.1005567,53.2458476],[49.1004764,53.2458459],[49.1004803,53.2457779],[49.1005607,53.2457796],[49.1005567,53.2458476]]]},"properties":{"id":"dd28da58-a9ad-42c0-a7bc-1a9adba3a7f0","source_type":"ml","class":null,"subtype":null,"height":null,"num_floors":null}},{"type":"Feature","geometry":{"type":"Polygon","coordinates":[[[49.1006176,53.2463446],[49.1006243,53.2462597],[49.1007206,53.2462624],[49.1007185,53.2462896],[49.1007763,53.2462913],[49.1007717,53.2463489],[49.1006176,53.2463446]]]},"properties":{"id":"c7e64246-6658-41b8-96e3-61b171c9f476","source_type":"ml","class":null,"subtype":null,"height":null,"num_floors":null}},{"type":"Feature","geometry":{"type":"Polygon","coordinates":[[[49.1007826,53.2464668],[49.1007343,53.2464661],[49.100737,53.2464019],[49.1007853,53.2464026],[49.1007826,53.2464668]]]},"properties":{"id":"97ec46c1-8e3b-4085-a9d9-2e42d3bff22c","source_type":"ml","class":null,"subtype":null,"height":null,"num_floors":null}},{"type":"Feature","geometry":{"type":"Polygon","coordinates":[[[49.1010873,53.2464661],[49.1011526,53.2464676],[49.1011445,53.2465942],[49.1010791,53.2465927],[49.1010873,53.2464661]]]},"properties":{"id":"893ac6f3-eb06-4d6e-ac21-a921cdfb34dc","source_type":"ml","class":null,"subtype":null,"height":null,"num_floors":null}},{"type":"Feature","geometry":{"type":"Polygon","coordinates":[[[49.101177,53.2464114],[49.1011788,53.2463777],[49.101226,53.2463786],[49.1012241,53.2464123],[49.101177,53.2464114]]]},"properties":{"id":"7cf6c99a-cc69-4c79-a3c1-00f03672a30a","source_type":"ml","class":null,"subtype":null,"height":null,"num_floors":null}},{"type":"Feature","geometry":{"type":"Polygon","coordinates":[[[49.1013625,53.2455072],[49.1014259,53.245508],[49.101424,53.2455616],[49.1013606,53.2455608],[49.1013625,53.2455072]]]},"properties":{"id":"38ac10b0-6777-4609-8fc7-17ebc9086d05","source_type":"ml","class":null,"subtype":null,"height":null,"num_floors":null}},{"type":"Feature","geometry":{"type":"Polygon","coordinates":[[[49.1011719,53.2455587],[49.1011766,53.2454329],[49.1013026,53.2454346],[49.1013004,53.2454939],[49.1012997,53.2455123],[49.1013587,53.2455131],[49.1013569,53.2455612],[49.1011719,53.2455587]]]},"properties":{"id":"b4f7ac08-3b52-45f3-baa8-af64e8a5eacb","source_type":"ml","class":null,"subtype":null,"height":null,"num_floors":null}},{"type":"Feature","geometry":{"type":"Polygon","coordinates":[[[49.1018539,53.2447422],[49.1017869,53.2447406],[49.1017928,53.2446525],[49.1018598,53.2446541],[49.1018539,53.2447422]]]},"properties":{"id":"d5b2570e-eff1-49d6-87f3-5b05fdcd1ef9","source_type":"ml","class":null,"subtype":null,"height":null,"num_floors":null}},{"type":"Feature","geometry":{"type":"Polygon","coordinates":[[[49.1016963,53.2447975],[49.1016991,53.2447662],[49.101774,53.2447686],[49.1017712,53.2447999],[49.1016963,53.2447975]]]},"properties":{"id":"5dffd245-258b-406d-a93c-0f5e294eba04","source_type":"ml","class":null,"subtype":null,"height":null,"num_floors":null}},{"type":"Feature","geometry":{"type":"Polygon","coordinates":[[[49.1011874,53.2449639],[49.1013775,53.2449592],[49.101381,53.2450096],[49.1011909,53.2450143],[49.1011874,53.2449639]]]},"properties":{"id":"ea1d5eec-e31f-43ef-a0f9-9308479da721","source_type":"ml","class":null,"subtype":null,"height":null,"num_floors":null}},{"type":"Feature","geometry":{"type":"Polygon","coordinates":[[[49.1008866,53.2450932],[49.1008841,53.2451494],[49.1008322,53.2451486],[49.1008346,53.2450924],[49.1008866,53.2450932]]]},"properties":{"id":"5b62a41a-5ef0-4354-971e-02c8a3ac754f","source_type":"ml","class":null,"subtype":null,"height":null,"num_floors":null}},{"type":"Feature","geometry":{"type":"Polygon","coordinates":[[[49.1009612,53.2453552],[49.100861,53.2453559],[49.1008596,53.245286],[49.1009195,53.2452856],[49.1009187,53.2452454],[49.1009821,53.245245],[49.1009839,53.2453309],[49.101016,53.2453307],[49.1010171,53.2453836],[49.1009618,53.2453841],[49.1009612,53.2453552]]]},"properties":{"id":"57170887-a518-4c2e-9ec5-f842cf6e3da4","source_type":"ml","class":null,"subtype":null,"height":null,"num_floors":null}},{"type":"Feature","geometry":{"type":"Polygon","coordinates":[[[49.1003521,53.2449288],[49.1003763,53.2449685],[49.1003077,53.2449835],[49.1002835,53.2449438],[49.1003521,53.2449288]]]},"properties":{"id":"2a50da79-4c3a-485e-b0d6-08c3a8d66666","source_type":"ml","class":null,"subtype":null,"height":null,"num_floors":null}},{"type":"Feature","geometry":{"type":"Polygon","coordinates":[[[49.100998,53.2445923],[49.1010086,53.2445548],[49.1010581,53.2445598],[49.1010476,53.2445973],[49.100998,53.2445923]]]},"properties":{"id":"b29c40eb-a507-4c75-b661-df0bde563258","source_type":"ml","class":null,"subtype":null,"height":null,"num_floors":null}},{"type":"Feature","geometry":{"type":"Polygon","coordinates":[[[49.1010429,53.2444773],[49.1011084,53.2444873],[49.1010788,53.2445567],[49.1010134,53.2445467],[49.1010429,53.2444773]]]},"properties":{"id":"2a2ee630-22f8-4e9c-ac0d-4c03cfc3ffb0","source_type":"ml","class":null,"subtype":null,"height":null,"num_floors":null}},{"type":"Feature","geometry":{"type":"Polygon","coordinates":[[[49.1014393,53.2444067],[49.1015509,53.2444246],[49.1015225,53.2444882],[49.1014109,53.2444703],[49.1014393,53.2444067]]]},"properties":{"id":"433a4c29-786f-4df4-9496-143c9bdab65a","source_type":"ml","class":null,"subtype":null,"height":null,"num_floors":null}},{"type":"Feature","geometry":{"type":"Polygon","coordinates":[[[49.1012813,53.2443955],[49.1013199,53.244396],[49.1013173,53.2444634],[49.1012787,53.2444629],[49.1012813,53.2443955]]]},"properties":{"id":"0ac57c80-0aff-4f4f-8216-dccb4ebd5e5e","source_type":"ml","class":null,"subtype":null,"height":null,"num_floors":null}},{"type":"Feature","geometry":{"type":"Polygon","coordinates":[[[49.1024271,53.2441192],[49.1022514,53.2441074],[49.1022693,53.244012],[49.1024449,53.2440238],[49.1024271,53.2441192]]]},"properties":{"id":"ada703f2-af8f-4746-afec-787dd355e87e","source_type":"osm","class":null,"subtype":null,"height":null,"num_floors":null}},{"type":"Feature","geometry":{"type":"Polygon","coordinates":[[[49.1022835,53.2441762],[49.1022848,53.2442123],[49.1022113,53.2442132],[49.10221,53.2441771],[49.1022835,53.2441762]]]},"properties":{"id":"610de756-72f0-4894-b098-cd625fb65dd0","source_type":"ml","class":null,"subtype":null,"height":null,"num_floors":null}},{"type":"Feature","geometry":{"type":"Polygon","coordinates":[[[49.1024917,53.2445284],[49.1024891,53.2445717],[49.1023659,53.244569],[49.1023685,53.2445257],[49.1024917,53.2445284]]]},"properties":{"id":"6fb0408a-8c3a-4715-9472-b698c3384891","source_type":"ml","class":null,"subtype":null,"height":null,"num_floors":null}},{"type":"Feature","geometry":{"type":"Polygon","coordinates":[[[49.1022596,53.2482051],[49.102356,53.2482027],[49.1023585,53.2482379],[49.1022621,53.2482404],[49.1022596,53.2482051]]]},"properties":{"id":"9fc53ee0-818a-4586-83c3-b85736c930fc","source_type":"ml","class":null,"subtype":null,"height":null,"num_floors":null}},{"type":"Feature","geometry":{"type":"Polygon","coordinates":[[[49.1021446,53.2490167],[49.1019977,53.249017],[49.1019974,53.2489593],[49.1021442,53.248959],[49.1021446,53.2490167]]]},"properties":{"id":"b62c6908-58b1-4902-a465-bc152f0d2c93","source_type":"osm","class":null,"subtype":null,"height":null,"num_floors":null}},{"type":"Feature","geometry":{"type":"Polygon","coordinates":[[[49.1007889,53.2491866],[49.1007897,53.2491648],[49.100854,53.2491656],[49.1008533,53.2491873],[49.1007889,53.2491866]]]},"properties":{"id":"c520cfd1-62e0-4f15-bd39-c92dc9bb43c3","source_type":"ml","class":null,"subtype":null,"height":null,"num_floors":null}},{"type":"Feature","geometry":{"type":"Polygon","coordinates":[[[49.1006519,53.2490242],[49.1006477,53.2491149],[49.1005593,53.2491134],[49.1005635,53.2490227],[49.1006519,53.2490242]]]},"properties":{"id":"9726dff8-3763-4b79-80c7-2d239e09fa0b","source_type":"ml","class":null,"subtype":null,"height":null,"num_floors":null}},{"type":"Feature","geometry":{"type":"Polygon","coordinates":[[[49.1004744,53.2490194],[49.1004704,53.2491108],[49.1003834,53.2491094],[49.1003873,53.249018],[49.1004744,53.2490194]]]},"properties":{"id":"f6f7f4f9-18e9-4803-8745-4fc7b0e4f9fb","source_type":"ml","class":null,"subtype":null,"height":null,"num_floors":null}},{"type":"Feature","geometry":{"type":"Polygon","coordinates":[[[49.1010892,53.2490428],[49.1010843,53.2491004],[49.1009893,53.2490975],[49.1009942,53.2490399],[49.1010892,53.2490428]]]},"properties":{"id":"3b642952-e7af-4bce-b968-bbe729124d7f","source_type":"ml","class":null,"subtype":null,"height":null,"num_floors":null}},{"type":"Feature","geometry":{"type":"Polygon","coordinates":[[[49.1009078,53.2484298],[49.1010564,53.2484337],[49.1010528,53.2484825],[49.1009041,53.2484785],[49.1009078,53.2484298]]]},"properties":{"id":"b479313b-2f5c-431f-a389-86a585a40938","source_type":"ml","class":null,"subtype":null,"height":null,"num_floors":null}},{"type":"Feature","geometry":{"type":"Polygon","coordinates":[[[49.1011439,53.2483272],[49.100943,53.2483233],[49.1009463,53.2482623],[49.1011473,53.2482663],[49.1011439,53.2483272]]]},"properties":{"id":"d5dd0cf0-4436-4826-9fc1-92f49525ef51","source_type":"ml","class":null,"subtype":null,"height":null,"num_floors":null}},{"type":"Feature","geometry":{"type":"Polygon","coordinates":[[[49.1015261,53.2483642],[49.1014671,53.2483635],[49.1014691,53.2483105],[49.101528,53.2483113],[49.1015261,53.2483642]]]},"properties":{"id":"9b433f7c-8056-4155-b484-84f3964a33ca","source_type":"ml","class":null,"subtype":null,"height":null,"num_floors":null}},{"type":"Feature","geometry":{"type":"Polygon","coordinates":[[[49.1016672,53.2486755],[49.1016703,53.2486435],[49.1017224,53.2486453],[49.1017193,53.2486773],[49.1016672,53.2486755]]]},"properties":{"id":"64785690-342f-4b20-9957-b712b46feeb7","source_type":"ml","class":null,"subtype":null,"height":null,"num_floors":null}},{"type":"Feature","geometry":{"type":"Polygon","coordinates":[[[49.1021463,53.2483616],[49.1020043,53.2483472],[49.102018,53.2482988],[49.1021601,53.2483133],[49.1021463,53.2483616]]]},"properties":{"id":"9f0e3841-bd98-4166-932f-5bee5fe87587","source_type":"ml","class":null,"subtype":null,"height":null,"num_floors":null}},{"type":"Feature","geometry":{"type":"Polygon","coordinates":[[[49.1018529,53.247909],[49.101864,53.2478488],[49.1019666,53.2478556],[49.1019555,53.2479158],[49.1018529,53.247909]]]},"properties":{"id":"a3fc12a1-99a3-4db7-bfe6-c747dfbe54e5","source_type":"osm","class":null,"subtype":null,"height":null,"num_floors":null}},{"type":"Feature","geometry":{"type":"Polygon","coordinates":[[[49.1018352,53.2478687],[49.1017712,53.2478716],[49.1017663,53.2478317],[49.1018303,53.2478288],[49.1018352,53.2478687]]]},"properties":{"id":"f1db1464-443d-4601-bd46-3626adeccda3","source_type":"ml","class":null,"subtype":null,"height":null,"num_floors":null}},{"type":"Feature","geometry":{"type":"Polygon","coordinates":[[[49.1016246,53.2469199],[49.1016258,53.2469857],[49.1014741,53.2469867],[49.1014729,53.2469209],[49.1016246,53.2469199]]]},"properties":{"id":"5540be3b-7247-4180-b164-ca6532d35c88","source_type":"ml","class":null,"subtype":null,"height":null,"num_floors":null}},{"type":"Feature","geometry":{"type":"Polygon","coordinates":[[[49.1012714,53.2473094],[49.1012702,53.2473864],[49.1011602,53.2473858],[49.1011614,53.2473088],[49.1012714,53.2473094]]]},"properties":{"id":"5621036f-32a4-48ae-a2ae-745667974ce5","source_type":"ml","class":null,"subtype":null,"height":null,"num_floors":null}},{"type":"Feature","geometry":{"type":"Polygon","coordinates":[[[49.1011394,53.2477889],[49.1011411,53.2477536],[49.1011652,53.247754],[49.1011667,53.2477213],[49.1012498,53.2477227],[49.1012466,53.2477907],[49.1011394,53.2477889]]]},"properties":{"id":"5b36e294-abb9-4350-b4f8-281a20e0df24","source_type":"ml","class":null,"subtype":null,"height":null,"num_floors":null}},{"type":"Feature","geometry":{"type":"Polygon","coordinates":[[[49.0993272,53.2480265],[49.0994089,53.2480246],[49.0994102,53.2480438],[49.0993284,53.2480457],[49.0993272,53.2480265]]]},"properties":{"id":"4ffe3a6d-5754-48b7-9255-58e40258f069","source_type":"ml","class":null,"subtype":null,"height":null,"num_floors":null}},{"type":"Feature","geometry":{"type":"Polygon","coordinates":[[[49.0995997,53.2478295],[49.0995924,53.2479327],[49.099488,53.24793],[49.0994953,53.2478269],[49.0995997,53.2478295]]]},"properties":{"id":"b2e4904b-b5ca-4892-abab-3fe25e623afc","source_type":"ml","class":null,"subtype":null,"height":null,"num_floors":null}},{"type":"Feature","geometry":{"type":"Polygon","coordinates":[[[49.0994584,53.2474363],[49.0995736,53.2474384],[49.0995707,53.2474929],[49.0994555,53.2474908],[49.0994584,53.2474363]]]},"properties":{"id":"d637e6f2-22aa-46f4-b675-4a1dc723f33f","source_type":"ml","class":null,"subtype":null,"height":null,"num_floors":null}},{"type":"Feature","geometry":{"type":"Polygon","coordinates":[[[49.099414,53.2473885],[49.0992936,53.2473849],[49.0992996,53.2473144],[49.0994708,53.2473196],[49.0994646,53.2473932],[49.0994405,53.2473925],[49.0994382,53.2474197],[49.0994114,53.2474189],[49.099414,53.2473885]]]},"properties":{"id":"f00ea330-e698-4c05-a9ba-38708be040cf","source_type":"ml","class":null,"subtype":null,"height":null,"num_floors":null}},{"type":"Feature","geometry":{"type":"Polygon","coordinates":[[[49.098416,53.2473854],[49.0984117,53.2473219],[49.0985349,53.2473189],[49.0985392,53.2473824],[49.098416,53.2473854]]]},"properties":{"id":"4708a7b5-4cf8-4f51-ac75-7e975322026b","source_type":"ml","class":null,"subtype":null,"height":null,"num_floors":null}},{"type":"Feature","geometry":{"type":"Polygon","coordinates":[[[49.0987003,53.247753],[49.0987022,53.2476744],[49.0988336,53.2476755],[49.0988317,53.2477542],[49.0987003,53.247753]]]},"properties":{"id":"021faea3-5d0a-415f-9f15-2ce712a41c09","source_type":"ml","class":null,"subtype":null,"height":null,"num_floors":null}},{"type":"Feature","geometry":{"type":"Polygon","coordinates":[[[49.0989863,53.2476428],[49.0989811,53.247739],[49.0989088,53.2477376],[49.098914,53.2476414],[49.0989863,53.2476428]]]},"properties":{"id":"1b92b8b5-452d-413f-b563-8347e7288b8f","source_type":"ml","class":null,"subtype":null,"height":null,"num_floors":null}},{"type":"Feature","geometry":{"type":"Polygon","coordinates":[[[49.0987225,53.2487817],[49.0984706,53.2487772],[49.0984739,53.2487114],[49.0987258,53.2487159],[49.0987225,53.2487817]]]},"properties":{"id":"4a1ae104-9991-4139-a64c-0e125eeffccc","source_type":"ml","class":null,"subtype":null,"height":null,"num_floors":null}},{"type":"Feature","geometry":{"type":"Polygon","coordinates":[[[49.0989146,53.2487501],[49.0987806,53.2487515],[49.0987796,53.2487194],[49.0989136,53.248718],[49.0989146,53.2487501]]]},"properties":{"id":"2155b9fc-6c52-44fe-8c8f-b381d7738af6","source_type":"ml","class":null,"subtype":null,"height":null,"num_floors":null}},{"type":"Feature","geometry":{"type":"Polygon","coordinates":[[[49.0993703,53.2482625],[49.099491,53.2482615],[49.0994919,53.2483],[49.0993712,53.248301],[49.0993703,53.2482625]]]},"properties":{"id":"140229d8-de9c-4da5-9dc9-65dfe14451ed","source_type":"ml","class":null,"subtype":null,"height":null,"num_floors":null}},{"type":"Feature","geometry":{"type":"Polygon","coordinates":[[[49.0995193,53.2487864],[49.0993706,53.248789],[49.0993671,53.2487174],[49.0995159,53.2487149],[49.0995193,53.2487864]]]},"properties":{"id":"b5592ed5-4863-465b-a0e2-4c1abbc78abd","source_type":"ml","class":null,"subtype":null,"height":null,"num_floors":null}},{"type":"Feature","geometry":{"type":"Polygon","coordinates":[[[49.0983262,53.2487522],[49.0981669,53.2487483],[49.0981718,53.2486772],[49.0983312,53.2486811],[49.0983262,53.2487522]]]},"properties":{"id":"2f6ca209-1810-4661-b53e-f32916f1925d","source_type":"ml","class":null,"subtype":null,"height":null,"num_floors":null}},{"type":"Feature","geometry":{"type":"Polygon","coordinates":[[[49.098362,53.2481553],[49.0983593,53.2482195],[49.0982065,53.2482171],[49.0982093,53.2481529],[49.098362,53.2481553]]]},"properties":{"id":"c48330bd-8d19-4490-9282-ce11fe521530","source_type":"ml","class":null,"subtype":null,"height":null,"num_floors":null}},{"type":"Feature","geometry":{"type":"Polygon","coordinates":[[[49.0973781,53.2482485],[49.0972789,53.2482472],[49.0972819,53.2481654],[49.0974642,53.2481677],[49.0974623,53.2482191],[49.0973792,53.248218],[49.0973781,53.2482485]]]},"properties":{"id":"cd70a737-6171-4686-9246-e96a290c500f","source_type":"ml","class":null,"subtype":null,"height":null,"num_floors":null}},{"type":"Feature","geometry":{"type":"Polygon","coordinates":[[[49.0970279,53.2482084],[49.0969367,53.2482072],[49.0969386,53.2481553],[49.0970298,53.2481565],[49.0970279,53.2482084]]]},"properties":{"id":"f4e15435-0d05-4d9b-ac9f-01ce9f30e55d","source_type":"ml","class":null,"subtype":null,"height":null,"num_floors":null}},{"type":"Feature","geometry":{"type":"Polygon","coordinates":[[[49.0971287,53.24884],[49.0971274,53.2488041],[49.0973325,53.2488015],[49.0973338,53.2488374],[49.0971287,53.24884]]]},"properties":{"id":"ac4be602-cdba-43e4-97f4-bb666e4cc075","source_type":"ml","class":null,"subtype":null,"height":null,"num_floors":null}},{"type":"Feature","geometry":{"type":"Polygon","coordinates":[[[49.0951148,53.2470824],[49.0951133,53.2471209],[49.0950693,53.2471202],[49.0950708,53.2470818],[49.0951148,53.2470824]]]},"properties":{"id":"70a5f3ae-2f70-4d74-a76a-8a3e15d1f3c2","source_type":"ml","class":null,"subtype":null,"height":null,"num_floors":null}},{"type":"Feature","geometry":{"type":"Polygon","coordinates":[[[49.0953917,53.2470151],[49.0953161,53.2469984],[49.0953466,53.246949],[49.0954221,53.2469657],[49.0953917,53.2470151]]]},"properties":{"id":"515c48d1-485f-48e6-ab7e-65ab906788d0","source_type":"ml","class":null,"subtype":null,"height":null,"num_floors":null}},{"type":"Feature","geometry":{"type":"Polygon","coordinates":[[[49.0958523,53.2469792],[49.0958495,53.2470427],[49.0958066,53.247042],[49.0958094,53.2469785],[49.0958523,53.2469792]]]},"properties":{"id":"9d78f52e-fd68-4ca1-a09d-27e00a115a4b","source_type":"ml","class":null,"subtype":null,"height":null,"num_floors":null}},{"type":"Feature","geometry":{"type":"Polygon","coordinates":[[[49.0956178,53.2474045],[49.0955776,53.2474054],[49.0955743,53.2473518],[49.0956144,53.2473509],[49.0956178,53.2474045]]]},"properties":{"id":"5ccd64ad-d0f7-4cc8-b5cb-dc37afa92aef","source_type":"ml","class":null,"subtype":null,"height":null,"num_floors":null}},{"type":"Feature","geometry":{"type":"Polygon","coordinates":[[[49.0963583,53.247],[49.0963208,53.2469994],[49.0963224,53.2469625],[49.0963599,53.2469631],[49.0963583,53.247]]]},"properties":{"id":"d3cede68-97ee-4a97-b062-a9c9aa99c4a2","source_type":"ml","class":null,"subtype":null,"height":null,"num_floors":null}},{"type":"Feature","geometry":{"type":"Polygon","coordinates":[[[49.0965252,53.2467616],[49.0965239,53.2468264],[49.0964745,53.2468261],[49.0964758,53.2467612],[49.0965252,53.2467616]]]},"properties":{"id":"7e099240-0e54-4f23-974b-601c67378276","source_type":"ml","class":null,"subtype":null,"height":null,"num_floors":null}},{"type":"Feature","geometry":{"type":"Polygon","coordinates":[[[49.0970804,53.2467752],[49.0970774,53.246833],[49.0970211,53.2468319],[49.0970193,53.2468672],[49.0969657,53.2468662],[49.0969705,53.2467732],[49.0970804,53.2467752]]]},"properties":{"id":"5660e04f-a2e0-4fc0-8ebd-ca4890cc18b5","source_type":"ml","class":null,"subtype":null,"height":null,"num_floors":null}},{"type":"Feature","geometry":{"type":"Polygon","coordinates":[[[49.0971187,53.2471865],[49.0971171,53.2471432],[49.0972163,53.2471419],[49.0972185,53.2472028],[49.0971515,53.2472037],[49.0971509,53.2471861],[49.0971187,53.2471865]]]},"properties":{"id":"e34e4e6d-9351-4591-aeb6-da21fefecc50","source_type":"ml","class":null,"subtype":null,"height":null,"num_floors":null}},{"type":"Feature","geometry":{"type":"Polygon","coordinates":[[[49.0973249,53.2471164],[49.0973876,53.247118],[49.0973835,53.2471773],[49.0973207,53.2471757],[49.0973249,53.2471164]]]},"properties":{"id":"4f2c0b38-16ca-4f5b-b8b1-1566a9cc9d67","source_type":"ml","class":null,"subtype":null,"height":null,"num_floors":null}},{"type":"Feature","geometry":{"type":"Polygon","coordinates":[[[49.0973532,53.2473065],[49.0973517,53.247361],[49.0972954,53.2473605],[49.0972969,53.247306],[49.0973532,53.2473065]]]},"properties":{"id":"1291403a-9aab-48c9-9ca3-9d6d590356c0","source_type":"ml","class":null,"subtype":null,"height":null,"num_floors":null}},{"type":"Feature","geometry":{"type":"Polygon","coordinates":[[[49.0967295,53.2477016],[49.0967249,53.2476317],[49.0968175,53.2476296],[49.096822,53.2476995],[49.0967295,53.2477016]]]},"properties":{"id":"e11fd912-f913-4ac4-bf5b-dae66d2a5a30","source_type":"ml","class":null,"subtype":null,"height":null,"num_floors":null}},{"type":"Feature","geometry":{"type":"Polygon","coordinates":[[[49.0967458,53.2477735],[49.0968569,53.2477755],[49.0968533,53.2478467],[49.0967422,53.2478447],[49.0967458,53.2477735]]]},"properties":{"id":"18c72b00-4eb7-4731-9d2d-0a477beb9ef0","source_type":"ml","class":null,"subtype":null,"height":null,"num_floors":null}},{"type":"Feature","geometry":{"type":"Polygon","coordinates":[[[49.0975877,53.2473941],[49.0975907,53.247308],[49.0977206,53.2473097],[49.0977175,53.2473957],[49.0975877,53.2473941]]]},"properties":{"id":"177e61c7-8a2f-46fb-921d-81483afe701b","source_type":"ml","class":null,"subtype":null,"height":null,"num_floors":null}},{"type":"Feature","geometry":{"type":"Polygon","coordinates":[[[49.0975056,53.2472992],[49.0975494,53.2472973],[49.0975543,53.2473366],[49.0975105,53.2473386],[49.0975056,53.2472992]]]},"properties":{"id":"d9e69a45-f512-4089-bb56-e4ef9950c95b","source_type":"ml","class":null,"subtype":null,"height":null,"num_floors":null}},{"type":"Feature","geometry":{"type":"Polygon","coordinates":[[[49.0977384,53.2469577],[49.0978359,53.2469595],[49.0978345,53.2469884],[49.0977369,53.2469866],[49.0977384,53.2469577]]]},"properties":{"id":"df22f45a-ddf2-4db8-b4f0-1af6e1aacd1a","source_type":"ml","class":null,"subtype":null,"height":null,"num_floors":null}},{"type":"Feature","geometry":{"type":"Polygon","coordinates":[[[49.097966,53.2460912],[49.0979672,53.2460703],[49.0980358,53.2460717],[49.0980347,53.2460925],[49.097966,53.2460912]]]},"properties":{"id":"b6c2fcfe-b017-4cff-93ce-76e0b5c20c6e","source_type":"ml","class":null,"subtype":null,"height":null,"num_floors":null}},{"type":"Feature","geometry":{"type":"Polygon","coordinates":[[[49.0976771,53.2462611],[49.0976807,53.2461858],[49.0977933,53.2461877],[49.0977896,53.2462631],[49.0976771,53.2462611]]]},"properties":{"id":"4be48576-d7f3-424b-817c-736c0951611e","source_type":"ml","class":null,"subtype":null,"height":null,"num_floors":null}},{"type":"Feature","geometry":{"type":"Polygon","coordinates":[[[49.0974905,53.2461391],[49.0973915,53.2461422],[49.0973879,53.2461006],[49.0974868,53.2460975],[49.0974905,53.2461391]]]},"properties":{"id":"c0db3dbf-1c6d-4996-b0d0-2420bf4e5447","source_type":"ml","class":null,"subtype":null,"height":null,"num_floors":null}},{"type":"Feature","geometry":{"type":"Polygon","coordinates":[[[49.0968097,53.2461854],[49.0968089,53.2462319],[49.0967392,53.2462315],[49.09674,53.2461849],[49.0968097,53.2461854]]]},"properties":{"id":"0c6062f2-87d1-4ca9-96a5-dffac2695d71","source_type":"ml","class":null,"subtype":null,"height":null,"num_floors":null}},{"type":"Feature","geometry":{"type":"Polygon","coordinates":[[[49.0967028,53.2462129],[49.0965918,53.2462114],[49.0965944,53.2461409],[49.0967054,53.2461423],[49.0967028,53.2462129]]]},"properties":{"id":"e8699d28-54ab-422e-a0fb-a9b703363d61","source_type":"ml","class":null,"subtype":null,"height":null,"num_floors":null}},{"type":"Feature","geometry":{"type":"Polygon","coordinates":[[[49.0966523,53.2458612],[49.0966502,53.2459254],[49.0965607,53.2459243],[49.0965614,53.2459035],[49.0964809,53.2459025],[49.0964852,53.2457726],[49.0966068,53.245774],[49.096604,53.2458606],[49.0966523,53.2458612]]]},"properties":{"id":"98a393c0-bc91-4e38-9ab7-6cb770d98223","source_type":"ml","class":null,"subtype":null,"height":null,"num_floors":null}},{"type":"Feature","geometry":{"type":"Polygon","coordinates":[[[49.0966591,53.2454686],[49.0966003,53.2454706],[49.0965959,53.2454242],[49.0966547,53.2454222],[49.0966591,53.2454686]]]},"properties":{"id":"1f4d57fd-4d82-4982-9294-f62a12a7df84","source_type":"ml","class":null,"subtype":null,"height":null,"num_floors":null}},{"type":"Feature","geometry":{"type":"Polygon","coordinates":[[[49.0970675,53.2453788],[49.0970201,53.2453665],[49.0970492,53.2453265],[49.0970966,53.2453389],[49.0970675,53.2453788]]]},"properties":{"id":"5242c8b7-03c7-41d0-8f4f-818d31f111aa","source_type":"ml","class":null,"subtype":null,"height":null,"num_floors":null}},{"type":"Feature","geometry":{"type":"Polygon","coordinates":[[[49.0971181,53.2453956],[49.0971237,53.2453406],[49.0971869,53.245343],[49.0971812,53.2453979],[49.0971181,53.2453956]]]},"properties":{"id":"9845fd35-70ff-46ee-b286-d20b16f78148","source_type":"ml","class":null,"subtype":null,"height":null,"num_floors":null}},{"type":"Feature","geometry":{"type":"Polygon","coordinates":[[[49.0981317,53.2456622],[49.0981359,53.2457333],[49.0979841,53.2457364],[49.0979814,53.2456894],[49.0980269,53.2456884],[49.0980255,53.2456644],[49.0981317,53.2456622]]]},"properties":{"id":"2adcee00-5cf6-4c71-83c9-ac929b227a59","source_type":"ml","class":null,"subtype":null,"height":null,"num_floors":null}},{"type":"Feature","geometry":{"type":"Polygon","coordinates":[[[49.0982059,53.2450284],[49.0982074,53.2449947],[49.0982852,53.2449959],[49.0982836,53.2450296],[49.0982059,53.2450284]]]},"properties":{"id":"1b3d43bd-40ab-4e75-b463-68c226221c20","source_type":"ml","class":null,"subtype":null,"height":null,"num_floors":null}},{"type":"Feature","geometry":{"type":"Polygon","coordinates":[[[49.0981943,53.2451273],[49.0981969,53.2450786],[49.0982987,53.2450806],[49.0982961,53.2451293],[49.0981943,53.2451273]]]},"properties":{"id":"b021bdac-d7c5-476e-a343-9509bf5c587d","source_type":"ml","class":null,"subtype":null,"height":null,"num_floors":null}},{"type":"Feature","geometry":{"type":"Polygon","coordinates":[[[49.0978228,53.2451799],[49.0978208,53.245236],[49.097735,53.2452349],[49.0977371,53.2451788],[49.0978228,53.2451799]]]},"properties":{"id":"b46ba0bf-17c6-422c-bdbe-6e934b9c2524","source_type":"ml","class":null,"subtype":null,"height":null,"num_floors":null}},{"type":"Feature","geometry":{"type":"Polygon","coordinates":[[[49.0974521,53.2453281],[49.0974539,53.2452928],[49.0975486,53.2452945],[49.0975469,53.2453298],[49.0974521,53.2453281]]]},"properties":{"id":"75358c45-5044-4aea-8a9e-e305ba0ec23a","source_type":"ml","class":null,"subtype":null,"height":null,"num_floors":null}},{"type":"Feature","geometry":{"type":"Polygon","coordinates":[[[49.0974399,53.2452341],[49.0974451,53.2451604],[49.0975763,53.2451637],[49.0975711,53.2452374],[49.0974399,53.2452341]]]},"properties":{"id":"9f041b44-7a9e-4c82-ba08-28347e6cc24a","source_type":"ml","class":null,"subtype":null,"height":null,"num_floors":null}},{"type":"Feature","geometry":{"type":"Polygon","coordinates":[[[49.0979195,53.2448259],[49.0979934,53.2448243],[49.0979965,53.2448729],[49.0979225,53.2448746],[49.0979195,53.2448259]]]},"properties":{"id":"b5adc2a1-d314-4513-b3f4-899bc9a83b17","source_type":"ml","class":null,"subtype":null,"height":null,"num_floors":null}},{"type":"Feature","geometry":{"type":"Polygon","coordinates":[[[49.0970061,53.2450543],[49.0969244,53.2450434],[49.0969329,53.2450204],[49.0970147,53.2450314],[49.0970061,53.2450543]]]},"properties":{"id":"d949097e-b333-4884-99ba-c9da16e93f74","source_type":"ml","class":null,"subtype":null,"height":null,"num_floors":null}},{"type":"Feature","geometry":{"type":"Polygon","coordinates":[[[49.0966753,53.2453262],[49.096674,53.245277],[49.0967732,53.245276],[49.0967746,53.2453252],[49.0966753,53.2453262]]]},"properties":{"id":"06841657-8189-451f-8699-b2bbcff302f1","source_type":"ml","class":null,"subtype":null,"height":null,"num_floors":null}},{"type":"Feature","geometry":{"type":"Polygon","coordinates":[[[49.0964831,53.245258],[49.0964781,53.2453488],[49.0963495,53.2453462],[49.0963523,53.2452949],[49.0964005,53.2452959],[49.0964027,53.2452564],[49.0964831,53.245258]]]},"properties":{"id":"87f081d1-6880-4569-b4de-6631d9af9fdd","source_type":"ml","class":null,"subtype":null,"height":null,"num_floors":null}},{"type":"Feature","geometry":{"type":"Polygon","coordinates":[[[49.0956274,53.2452305],[49.0956293,53.2452771],[49.095573,53.2452779],[49.0955711,53.2452314],[49.0956274,53.2452305]]]},"properties":{"id":"189d9ab7-b031-46bc-8f10-11f75c0a6dd1","source_type":"ml","class":null,"subtype":null,"height":null,"num_floors":null}},{"type":"Feature","geometry":{"type":"Polygon","coordinates":[[[49.0957629,53.2450895],[49.0957654,53.245043],[49.095828,53.2450442],[49.0958255,53.2450907],[49.0957629,53.2450895]]]},"properties":{"id":"84e07e04-269b-4894-88e3-9fcc06c96e4f","source_type":"ml","class":null,"subtype":null,"height":null,"num_floors":null}},{"type":"Feature","geometry":{"type":"Polygon","coordinates":[[[49.0954224,53.245236],[49.0954275,53.245213],[49.0955039,53.2452191],[49.0954988,53.2452421],[49.0954224,53.245236]]]},"properties":{"id":"eed4ea58-22c5-406d-9213-00a0d75b4daf","source_type":"ml","class":null,"subtype":null,"height":null,"num_floors":null}},{"type":"Feature","geometry":{"type":"Polygon","coordinates":[[[49.0952718,53.2452435],[49.0952752,53.2453012],[49.0951546,53.2453038],[49.0951512,53.2452461],[49.0952718,53.2452435]]]},"properties":{"id":"8115c548-3e9d-4d85-9003-cac86a88a322","source_type":"ml","class":null,"subtype":null,"height":null,"num_floors":null}},{"type":"Feature","geometry":{"type":"Polygon","coordinates":[[[49.095008,53.2457457],[49.0950885,53.2457466],[49.0950866,53.2458036],[49.0950062,53.2458027],[49.095008,53.2457457]]]},"properties":{"id":"9982b236-bfa8-4434-b7e8-f6a044272da5","source_type":"ml","class":null,"subtype":null,"height":null,"num_floors":null}},{"type":"Feature","geometry":{"type":"Polygon","coordinates":[[[49.0960065,53.2457862],[49.0961528,53.24579],[49.0961473,53.2458675],[49.096001,53.2458638],[49.0960065,53.2457862]]]},"properties":{"id":"c59ec4a5-807f-4574-a0d1-0eb7e42b9dae","source_type":"ml","class":null,"subtype":null,"height":null,"num_floors":null}},{"type":"Feature","geometry":{"type":"Polygon","coordinates":[[[49.0956491,53.2461448],[49.0956726,53.2461811],[49.0955885,53.2462005],[49.0955651,53.2461642],[49.0956491,53.2461448]]]},"properties":{"id":"4ec13294-9568-4ca2-9427-ba2d3d064e24","source_type":"ml","class":null,"subtype":null,"height":null,"num_floors":null}},{"type":"Feature","geometry":{"type":"Polygon","coordinates":[[[49.0951853,53.2466465],[49.0951823,53.2466936],[49.0951009,53.2466918],[49.0951038,53.2466446],[49.0951853,53.2466465]]]},"properties":{"id":"41f9be14-db11-4559-ad71-898206a4b506","source_type":"ml","class":null,"subtype":null,"height":null,"num_floors":null}},{"type":"Feature","geometry":{"type":"Polygon","coordinates":[[[49.0953802,53.2512002],[49.0955088,53.2512024],[49.0955054,53.2512755],[49.0953767,53.2512733],[49.0953802,53.2512002]]]},"properties":{"id":"163ed8ff-2fe0-4665-b7cf-d645267462d6","source_type":"ml","class":null,"subtype":null,"height":null,"num_floors":null}},{"type":"Feature","geometry":{"type":"Polygon","coordinates":[[[49.0986535,53.2499237],[49.0985394,53.2499226],[49.0985409,53.2498665],[49.098655,53.2498675],[49.0986535,53.2499237]]]},"properties":{"id":"95052e87-b005-4343-ae65-681c1bd69413","source_type":"ml","class":null,"subtype":null,"height":null,"num_floors":null}},{"type":"Feature","geometry":{"type":"Polygon","coordinates":[[[49.0986523,53.2504177],[49.0985478,53.2504155],[49.0985528,53.2503306],[49.0986573,53.2503328],[49.0986523,53.2504177]]]},"properties":{"id":"c5984d4d-cb92-4c0e-9525-7e2a1c9622a8","source_type":"ml","class":null,"subtype":null,"height":null,"num_floors":null}},{"type":"Feature","geometry":{"type":"Polygon","coordinates":[[[49.0986114,53.2504847],[49.0986066,53.2505504],[49.0984942,53.2505474],[49.098499,53.2504818],[49.0986114,53.2504847]]]},"properties":{"id":"203eee30-ee4a-450d-80e4-260dc0d71f08","source_type":"ml","class":null,"subtype":null,"height":null,"num_floors":null}},{"type":"Feature","geometry":{"type":"Polygon","coordinates":[[[49.0996878,53.2507821],[49.09966,53.2507157],[49.0997383,53.250704],[49.099766,53.2507704],[49.0996878,53.2507821]]]},"properties":{"id":"e985cc78-110f-4701-83a0-51569734d0ad","source_type":"ml","class":null,"subtype":null,"height":null,"num_floors":null}},{"type":"Feature","geometry":{"type":"Polygon","coordinates":[[[49.1019875,53.2504307],[49.1019844,53.2504836],[49.1019431,53.2504828],[49.1019461,53.2504299],[49.1019875,53.2504307]]]},"properties":{"id":"88fb01b8-1bf6-4ff1-88ee-5167dfec6159","source_type":"ml","class":null,"subtype":null,"height":null,"num_floors":null}},{"type":"Feature","geometry":{"type":"Polygon","coordinates":[[[49.1020375,53.2504999],[49.1020352,53.2504695],[49.1021224,53.2504671],[49.1021247,53.2504975],[49.1020375,53.2504999]]]},"properties":{"id":"638760d9-8b29-4946-8d0b-827b33523cb1","source_type":"ml","class":null,"subtype":null,"height":null,"num_floors":null}},{"type":"Feature","geometry":{"type":"Polygon","coordinates":[[[49.1007943,53.2510411],[49.1007058,53.2510393],[49.1007089,53.2509848],[49.1007973,53.2509866],[49.1007943,53.2510411]]]},"properties":{"id":"d586f4a6-5da4-48af-a2f2-ffe6b22274b6","source_type":"ml","class":null,"subtype":null,"height":null,"num_floors":null}},{"type":"Feature","geometry":{"type":"Polygon","coordinates":[[[49.1025534,53.2505879],[49.1025519,53.2505639],[49.1026376,53.2505619],[49.1026416,53.2506244],[49.1025586,53.2506263],[49.1025561,53.2505878],[49.1025534,53.2505879]]]},"properties":{"id":"2b9c8189-1337-4a21-9f76-b5565478819a","source_type":"ml","class":null,"subtype":null,"height":null,"num_floors":null}},{"type":"Feature","geometry":{"type":"Polygon","coordinates":[[[49.099259,53.2479008],[49.0991591,53.2478987],[49.0991643,53.2478376],[49.0992612,53.2478394],[49.099259,53.2479008]]]},"properties":{"id":"249f6a7f-6193-4ddb-aebe-8b3becdcba4d","source_type":"my","class":"house","subtype":"residential","height":null,"num_floors":2}},{"type":"Feature","geometry":{"type":"Polygon","coordinates":[[[49.0996183,53.2472533],[49.0995124,53.2472522],[49.0995151,53.2471862],[49.0996213,53.2471881],[49.0996183,53.2472533]]]},"properties":{"id":"caa4d695-c791-436a-83d6-7c5e53124171","source_type":"my","class":"house","subtype":"residential","height":null,"num_floors":2}},{"type":"Feature","geometry":{"type":"Polygon","coordinates":[[[49.0993084,53.2468907],[49.0992526,53.2468898],[49.0992541,53.2468349],[49.0993102,53.2468356],[49.0993084,53.2468907]]]},"properties":{"id":"b11ceebf-4551-451e-8347-11a47612f3a0","source_type":"my","class":"house","subtype":"residential","height":null,"num_floors":2}},{"type":"Feature","geometry":{"type":"Polygon","coordinates":[[[49.099517,53.2452973],[49.0993418,53.2452942],[49.099346,53.2452098],[49.0995212,53.245213],[49.099517,53.2452973]]]},"properties":{"id":"69779d88-221c-42aa-9113-cf96be1fb562","source_type":"ml","class":null,"subtype":null,"height":null,"num_floors":null}},{"type":"Feature","geometry":{"type":"Polygon","coordinates":[[[49.0992334,53.2451181],[49.0992325,53.2450771],[49.09932,53.2450763],[49.0993209,53.2451174],[49.0992334,53.2451181]]]},"properties":{"id":"85ae8e73-160b-4a7d-8cfa-01a28c777718","source_type":"ml","class":null,"subtype":null,"height":null,"num_floors":null}},{"type":"Feature","geometry":{"type":"Polygon","coordinates":[[[49.0991353,53.2447626],[49.0990308,53.2447602],[49.0990351,53.2446945],[49.0991396,53.2446969],[49.0991353,53.2447626]]]},"properties":{"id":"75fdc27e-034b-4ca9-a5a5-de64bb711fc2","source_type":"ml","class":null,"subtype":null,"height":null,"num_floors":null}},{"type":"Feature","geometry":{"type":"Polygon","coordinates":[[[49.0992088,53.2458579],[49.0992137,53.2459209],[49.0991244,53.2459234],[49.0991205,53.2458732],[49.0991633,53.245872],[49.0991623,53.2458592],[49.0992088,53.2458579]]]},"properties":{"id":"3cc8f40a-c003-4d03-9e7b-111a61d22745","source_type":"ml","class":null,"subtype":null,"height":null,"num_floors":null}},{"type":"Feature","geometry":{"type":"Polygon","coordinates":[[[49.0987466,53.2460884],[49.098637,53.2460702],[49.0986521,53.2460374],[49.0987618,53.2460556],[49.0987466,53.2460884]]]},"properties":{"id":"3a9ab385-4d2d-4868-9666-c76f2122720e","source_type":"ml","class":null,"subtype":null,"height":null,"num_floors":null}},{"type":"Feature","geometry":{"type":"Polygon","coordinates":[[[49.0985352,53.2465928],[49.0985446,53.2465388],[49.0986189,53.2465435],[49.0986095,53.2465974],[49.0985352,53.2465928]]]},"properties":{"id":"aa97d272-eea3-47d7-832e-8aedc342d5ee","source_type":"ml","class":null,"subtype":null,"height":null,"num_floors":null}},{"type":"Feature","geometry":{"type":"Polygon","coordinates":[[[49.099051,53.2464991],[49.099129,53.2465111],[49.0991122,53.2465502],[49.0990342,53.2465382],[49.099051,53.2464991]]]},"properties":{"id":"32ca4ba2-4fbb-4153-874a-6ae37622966f","source_type":"ml","class":null,"subtype":null,"height":null,"num_floors":null}},{"type":"Feature","geometry":{"type":"Polygon","coordinates":[[[49.09938,53.2462871],[49.09927,53.2462769],[49.0992825,53.2462283],[49.0993925,53.2462385],[49.09938,53.2462871]]]},"properties":{"id":"98437a7e-4d54-468f-b9c9-ad1cdcbe3729","source_type":"ml","class":null,"subtype":null,"height":null,"num_floors":null}},{"type":"Feature","geometry":{"type":"Polygon","coordinates":[[[49.098962,53.2463981],[49.0989668,53.2463302],[49.0990702,53.2463328],[49.0990654,53.2464007],[49.098962,53.2463981]]]},"properties":{"id":"ace29f57-adae-473d-9437-a63194bab664","source_type":"ml","class":null,"subtype":null,"height":null,"num_floors":null}},{"type":"Feature","geometry":{"type":"Polygon","coordinates":[[[49.0991992,53.2460437],[49.0992463,53.2460393],[49.0992613,53.2460973],[49.0992142,53.2461017],[49.0991992,53.2460437]]]},"properties":{"id":"3a5ec165-8e3e-4050-86f7-de274a89865e","source_type":"ml","class":null,"subtype":null,"height":null,"num_floors":null}},{"type":"Feature","geometry":{"type":"Polygon","coordinates":[[[49.099498,53.2466244],[49.0994996,53.246687],[49.0993896,53.246688],[49.0993881,53.2466254],[49.099498,53.2466244]]]},"properties":{"id":"5657ede1-f197-4bf0-a97a-ac9b63fa1101","source_type":"ml","class":null,"subtype":null,"height":null,"num_floors":null}},{"type":"Feature","geometry":{"type":"Polygon","coordinates":[[[49.1001646,53.2466037],[49.1001125,53.2465982],[49.1001234,53.2465608],[49.1001755,53.2465663],[49.1001646,53.2466037]]]},"properties":{"id":"27ecdc1e-1f4b-4b34-851f-8dd0b51b8c07","source_type":"ml","class":null,"subtype":null,"height":null,"num_floors":null}},{"type":"Feature","geometry":{"type":"Polygon","coordinates":[[[49.0998833,53.2462452],[49.0998796,53.2463029],[49.099825,53.2463016],[49.0998287,53.2462439],[49.0998833,53.2462452]]]},"properties":{"id":"e4d6aaef-5e62-44f6-950f-34a6ba9efa63","source_type":"ml","class":null,"subtype":null,"height":null,"num_floors":null}},{"type":"Feature","geometry":{"type":"Polygon","coordinates":[[[49.1001072,53.245893],[49.1001,53.2459369],[49.1000389,53.2459333],[49.1000461,53.2458894],[49.1001072,53.245893]]]},"properties":{"id":"5fbd34a1-bef9-4974-ba17-93b83e301ae0","source_type":"ml","class":null,"subtype":null,"height":null,"num_floors":null}},{"type":"Feature","geometry":{"type":"Polygon","coordinates":[[[49.0995789,53.2457847],[49.0995774,53.2458296],[49.0994701,53.2458283],[49.0994717,53.2457833],[49.0995789,53.2457847]]]},"properties":{"id":"ea221c8c-8d9b-4a12-be67-1dcbd39b3bd3","source_type":"ml","class":null,"subtype":null,"height":null,"num_floors":null}},{"type":"Feature","geometry":{"type":"Polygon","coordinates":[[[49.1007606,53.2458424],[49.1006401,53.2458402],[49.1006429,53.2457841],[49.1007635,53.2457863],[49.1007606,53.2458424]]]},"properties":{"id":"f9a722d9-7ec5-4c98-b039-e9d87bb220c5","source_type":"ml","class":null,"subtype":null,"height":null,"num_floors":null}},{"type":"Feature","geometry":{"type":"Polygon","coordinates":[[[49.1012069,53.2463207],[49.1012846,53.2463191],[49.1012858,53.2463399],[49.1013447,53.2463387],[49.1013468,53.2463739],[49.1012102,53.2463768],[49.1012069,53.2463207]]]},"properties":{"id":"58f42d21-eefb-41fc-875a-04eafd14fd95","source_type":"ml","class":null,"subtype":null,"height":null,"num_floors":null}},{"type":"Feature","geometry":{"type":"Polygon","coordinates":[[[49.1015655,53.2458481],[49.101628,53.2458503],[49.1016252,53.2458791],[49.1015627,53.2458769],[49.1015655,53.2458481]]]},"properties":{"id":"24243422-4673-421a-966f-e635fbd98b0e","source_type":"ml","class":null,"subtype":null,"height":null,"num_floors":null}},{"type":"Feature","geometry":{"type":"Polygon","coordinates":[[[49.1016667,53.2448962],[49.1016631,53.2448176],[49.1017622,53.2448159],[49.1017659,53.2448945],[49.1016667,53.2448962]]]},"properties":{"id":"341eb970-6111-4595-8252-34bc5e0216a2","source_type":"ml","class":null,"subtype":null,"height":null,"num_floors":null}},{"type":"Feature","geometry":{"type":"Polygon","coordinates":[[[49.1013104,53.2451263],[49.1013059,53.2450719],[49.1013898,53.2450694],[49.1013943,53.2451239],[49.1013104,53.2451263]]]},"properties":{"id":"4ffb5cf0-d9ce-44d4-b699-843609342f84","source_type":"ml","class":null,"subtype":null,"height":null,"num_floors":null}},{"type":"Feature","geometry":{"type":"Polygon","coordinates":[[[49.1016193,53.2452582],[49.101557,53.2452513],[49.1015724,53.2452017],[49.1016346,53.2452085],[49.1016193,53.2452582]]]},"properties":{"id":"c4ccc43f-c0a6-4426-bcc5-0084d698e362","source_type":"ml","class":null,"subtype":null,"height":null,"num_floors":null}},{"type":"Feature","geometry":{"type":"Polygon","coordinates":[[[49.1010809,53.2452461],[49.101086,53.2451965],[49.1011341,53.2451983],[49.101129,53.2452479],[49.1010809,53.2452461]]]},"properties":{"id":"5820e1bf-f2ac-4721-9287-ba07f96de76b","source_type":"ml","class":null,"subtype":null,"height":null,"num_floors":null}},{"type":"Feature","geometry":{"type":"Polygon","coordinates":[[[49.1005819,53.2451319],[49.1005801,53.2451897],[49.1004649,53.2451884],[49.1004666,53.2451307],[49.100539,53.2451315],[49.1005412,53.2450593],[49.1006591,53.2450605],[49.100657,53.2451327],[49.1005819,53.2451319]]]},"properties":{"id":"4cd4ffa4-3604-4828-b13d-d44a59b51de3","source_type":"ml","class":null,"subtype":null,"height":null,"num_floors":null}},{"type":"Feature","geometry":{"type":"Polygon","coordinates":[[[49.1004624,53.2449717],[49.1005079,53.2449725],[49.1005064,53.2450062],[49.1004608,53.2450054],[49.1004624,53.2449717]]]},"properties":{"id":"57a7456d-a4b4-445b-affc-09a3cc649ad4","source_type":"ml","class":null,"subtype":null,"height":null,"num_floors":null}},{"type":"Feature","geometry":{"type":"Polygon","coordinates":[[[49.1010496,53.2444403],[49.1008593,53.2444375],[49.1008617,53.2443781],[49.1010521,53.2443809],[49.1010496,53.2444403]]]},"properties":{"id":"caa634c2-e8f2-4cf2-8bf3-a8cbe8bab937","source_type":"ml","class":null,"subtype":null,"height":null,"num_floors":null}},{"type":"Feature","geometry":{"type":"Polygon","coordinates":[[[49.1024793,53.2443514],[49.1021688,53.2443293],[49.1021745,53.2443008],[49.1022644,53.2443072],[49.1022725,53.2442668],[49.1024322,53.2442782],[49.1024251,53.2443138],[49.102313,53.2443058],[49.1023105,53.2443185],[49.1024834,53.2443308],[49.1024793,53.2443514]]]},"properties":{"id":"c34408e3-37ae-49f4-9ec6-45228b290fea","source_type":"ml","class":null,"subtype":null,"height":null,"num_floors":null}},{"type":"Feature","geometry":{"type":"Polygon","coordinates":[[[49.1023174,53.2474928],[49.1023801,53.2474906],[49.1023826,53.247517],[49.1023199,53.2475191],[49.1023174,53.2474928]]]},"properties":{"id":"de9bc5fa-d608-42e2-9d4c-8d6075a5c4d9","source_type":"ml","class":null,"subtype":null,"height":null,"num_floors":null}},{"type":"Feature","geometry":{"type":"Polygon","coordinates":[[[49.1027183,53.2484525],[49.1025911,53.2484382],[49.1026129,53.248369],[49.10274,53.2483833],[49.1027183,53.2484525]]]},"properties":{"id":"306fd73a-09fb-4207-ad58-0a8b57bc5969","source_type":"osm","class":null,"subtype":null,"height":null,"num_floors":null}},{"type":"Feature","geometry":{"type":"Polygon","coordinates":[[[49.1025902,53.2484227],[49.1025916,53.2484636],[49.1025514,53.2484641],[49.10255,53.2484232],[49.1025902,53.2484227]]]},"properties":{"id":"a9d129f4-4491-41c1-add8-5482b63357c8","source_type":"ml","class":null,"subtype":null,"height":null,"num_floors":null}},{"type":"Feature","geometry":{"type":"Polygon","coordinates":[[[49.1018718,53.2490137],[49.1017214,53.2490145],[49.1017201,53.2489282],[49.1018705,53.2489274],[49.1018718,53.2490137]]]},"properties":{"id":"4c509f2a-48c9-49c4-a038-342d3fc225a8","source_type":"osm","class":null,"subtype":null,"height":null,"num_floors":null}},{"type":"Feature","geometry":{"type":"Polygon","coordinates":[[[49.1014038,53.2489598],[49.1014001,53.2489295],[49.1014454,53.2489275],[49.1014492,53.2489578],[49.1014038,53.2489598]]]},"properties":{"id":"1f4ea1b7-b661-4c82-ba20-54dc078ff59e","source_type":"ml","class":null,"subtype":null,"height":null,"num_floors":null}},{"type":"Feature","geometry":{"type":"Polygon","coordinates":[[[49.1012004,53.2485212],[49.1011984,53.2484465],[49.1012976,53.2484455],[49.1012996,53.2485202],[49.1012004,53.2485212]]]},"properties":{"id":"9c5628b1-9883-4f15-a793-1d6a592fa107","source_type":"ml","class":null,"subtype":null,"height":null,"num_floors":null}},{"type":"Feature","geometry":{"type":"Polygon","coordinates":[[[49.1003741,53.2485449],[49.1003783,53.248468],[49.1004198,53.2484688],[49.1004157,53.2485457],[49.1003741,53.2485449]]]},"properties":{"id":"b88b683c-d32f-4049-865b-f1e90b56b4b5","source_type":"ml","class":null,"subtype":null,"height":null,"num_floors":null}},{"type":"Feature","geometry":{"type":"Polygon","coordinates":[[[49.1005938,53.2484493],[49.1005965,53.2483762],[49.1007479,53.2483783],[49.1007447,53.2484649],[49.1006549,53.2484637],[49.1006535,53.2485015],[49.1005502,53.2485001],[49.1005522,53.2484488],[49.1005938,53.2484493]]]},"properties":{"id":"9fb6a24a-f409-46dc-a0e9-3c0b1f50603a","source_type":"ml","class":null,"subtype":null,"height":null,"num_floors":null}},{"type":"Feature","geometry":{"type":"Polygon","coordinates":[[[49.1004502,53.2483735],[49.1005559,53.2483712],[49.100561,53.2484529],[49.1004552,53.2484553],[49.1004502,53.2483735]]]},"properties":{"id":"f148701a-b059-4d2b-8d87-44d98ce370f6","source_type":"ml","class":null,"subtype":null,"height":null,"num_floors":null}},{"type":"Feature","geometry":{"type":"Polygon","coordinates":[[[49.1005499,53.2481382],[49.1006406,53.2481424],[49.1006376,53.2481648],[49.100547,53.2481605],[49.1005499,53.2481382]]]},"properties":{"id":"d9efeebb-42b4-42cd-aaca-85b01e895c31","source_type":"ml","class":null,"subtype":null,"height":null,"num_floors":null}},{"type":"Feature","geometry":{"type":"Polygon","coordinates":[[[49.1018087,53.2483403],[49.1018208,53.2482752],[49.1019654,53.2482848],[49.1019533,53.2483499],[49.1018087,53.2483403]]]},"properties":{"id":"bfef9851-8561-4878-9701-dd90dbcbd888","source_type":"osm","class":null,"subtype":null,"height":null,"num_floors":null}},{"type":"Feature","geometry":{"type":"Polygon","coordinates":[[[49.1014447,53.2477023],[49.1014489,53.2477889],[49.1013378,53.2477908],[49.1013336,53.2477042],[49.1014447,53.2477023]]]},"properties":{"id":"7c88373a-d9c9-41be-a7c5-c2deb1c90c11","source_type":"ml","class":null,"subtype":null,"height":null,"num_floors":null}},{"type":"Feature","geometry":{"type":"Polygon","coordinates":[[[49.1015583,53.2477104],[49.1015495,53.2477951],[49.1014693,53.2477921],[49.1014782,53.2477074],[49.1015583,53.2477104]]]},"properties":{"id":"2f943607-cccb-47bc-b339-558e9e396ed6","source_type":"ml","class":null,"subtype":null,"height":null,"num_floors":null}},{"type":"Feature","geometry":{"type":"Polygon","coordinates":[[[49.1012203,53.2467711],[49.1013608,53.246773],[49.1013582,53.2468411],[49.1012177,53.2468392],[49.1012203,53.2467711]]]},"properties":{"id":"217bc5de-cd56-407d-b619-69e95ebf3599","source_type":"ml","class":null,"subtype":null,"height":null,"num_floors":null}},{"type":"Feature","geometry":{"type":"Polygon","coordinates":[[[49.1010327,53.2472123],[49.1010301,53.2472453],[49.1009831,53.2472439],[49.1009857,53.247211],[49.1010327,53.2472123]]]},"properties":{"id":"0472a699-73c1-4319-895b-fdb0fbb12d4b","source_type":"ml","class":null,"subtype":null,"height":null,"num_floors":null}},{"type":"Feature","geometry":{"type":"Polygon","coordinates":[[[49.1012932,53.247717],[49.1011672,53.2477178],[49.1011659,53.2476456],[49.1012919,53.2476448],[49.1012932,53.247717]]]},"properties":{"id":"c8f057b1-8f23-45e4-a37b-65f7a6ec4df7","source_type":"ml","class":null,"subtype":null,"height":null,"num_floors":null}},{"type":"Feature","geometry":{"type":"Polygon","coordinates":[[[49.1012698,53.2478637],[49.1012675,53.247923],[49.1011952,53.247922],[49.1011974,53.2478627],[49.1012698,53.2478637]]]},"properties":{"id":"78f37561-80bf-4d9a-ae2b-993e8b4689d1","source_type":"ml","class":null,"subtype":null,"height":null,"num_floors":null}},{"type":"Feature","geometry":{"type":"Polygon","coordinates":[[[49.1008143,53.2479596],[49.1008181,53.2478762],[49.1009387,53.2478781],[49.1009349,53.2479615],[49.1008143,53.2479596]]]},"properties":{"id":"d026b38b-cd63-4dae-9e39-da80771a3f73","source_type":"ml","class":null,"subtype":null,"height":null,"num_floors":null}},{"type":"Feature","geometry":{"type":"Polygon","coordinates":[[[49.1002186,53.2468006],[49.1001302,53.2467989],[49.1001329,53.2467476],[49.1002213,53.2467493],[49.1002186,53.2468006]]]},"properties":{"id":"4d594813-d9ac-4d55-bd78-f8c48f1e1040","source_type":"ml","class":null,"subtype":null,"height":null,"num_floors":null}},{"type":"Feature","geometry":{"type":"Polygon","coordinates":[[[49.0999347,53.2467854],[49.0998328,53.2467844],[49.0998348,53.246709],[49.0999367,53.2467099],[49.0999347,53.2467854]]]},"properties":{"id":"1b7f14f3-a6d2-4bfe-9b0e-c4f2509caa79","source_type":"ml","class":null,"subtype":null,"height":null,"num_floors":null}},{"type":"Feature","geometry":{"type":"Polygon","coordinates":[[[49.099163,53.2473318],[49.0991569,53.2474128],[49.0991102,53.2474116],[49.0991081,53.2474388],[49.0990638,53.2474376],[49.0990658,53.247412],[49.0989614,53.2474092],[49.0989676,53.2473265],[49.099163,53.2473318]]]},"properties":{"id":"7459d204-b449-462f-9504-4fad20acc54e","source_type":"ml","class":null,"subtype":null,"height":null,"num_floors":null}},{"type":"Feature","geometry":{"type":"Polygon","coordinates":[[[49.0992609,53.2467178],[49.0992577,53.2467829],[49.0991424,53.2467808],[49.0991456,53.2467157],[49.0992609,53.2467178]]]},"properties":{"id":"6bd485db-b596-40f0-a010-a144d143f1e4","source_type":"ml","class":null,"subtype":null,"height":null,"num_floors":null}},{"type":"Feature","geometry":{"type":"Polygon","coordinates":[[[49.098552,53.2467202],[49.0985895,53.2467198],[49.0985907,53.2467615],[49.0984471,53.246763],[49.0984445,53.2466774],[49.0985507,53.2466762],[49.098552,53.2467202]]]},"properties":{"id":"acfa9d1b-1f16-4854-bad2-c50da4027858","source_type":"ml","class":null,"subtype":null,"height":null,"num_floors":null}},{"type":"Feature","geometry":{"type":"Polygon","coordinates":[[[49.0987418,53.2482507],[49.0986856,53.2482524],[49.0986818,53.248207],[49.0987379,53.2482053],[49.0987418,53.2482507]]]},"properties":{"id":"e299c01d-64e4-4088-8567-9d61cd43b16d","source_type":"ml","class":null,"subtype":null,"height":null,"num_floors":null}},{"type":"Feature","geometry":{"type":"Polygon","coordinates":[[[49.1002069,53.2488053],[49.1002136,53.2487011],[49.1003328,53.2487039],[49.1003261,53.248808],[49.1002069,53.2488053]]]},"properties":{"id":"17a4e4d5-3508-4d39-b541-f1d66c802e9f","source_type":"ml","class":null,"subtype":null,"height":null,"num_floors":null}},{"type":"Feature","geometry":{"type":"Polygon","coordinates":[[[49.1002007,53.2490646],[49.1000895,53.2490628],[49.1000929,53.2489881],[49.1002041,53.2489899],[49.1002007,53.2490646]]]},"properties":{"id":"e6b6656b-1131-44c6-9243-04443fc9477e","source_type":"ml","class":null,"subtype":null,"height":null,"num_floors":null}},{"type":"Feature","geometry":{"type":"Polygon","coordinates":[[[49.0991413,53.2488535],[49.0991437,53.248909],[49.0990794,53.24891],[49.099077,53.2488545],[49.0991413,53.2488535]]]},"properties":{"id":"4ce5cbc1-bff0-41d8-9534-dc4efc97e072","source_type":"ml","class":null,"subtype":null,"height":null,"num_floors":null}},{"type":"Feature","geometry":{"type":"Polygon","coordinates":[[[49.0977493,53.2490138],[49.0977532,53.2489513],[49.0978898,53.2489543],[49.097886,53.2490168],[49.0977493,53.2490138]]]},"properties":{"id":"cb40bfc7-5c4e-4161-8928-7b9c6dc2ae9d","source_type":"ml","class":null,"subtype":null,"height":null,"num_floors":null}},{"type":"Feature","geometry":{"type":"Polygon","coordinates":[[[49.0979556,53.2483883],[49.0979539,53.2483338],[49.0980478,53.2483328],[49.0980494,53.2483873],[49.0979556,53.2483883]]]},"properties":{"id":"4515bd2d-03b9-43f8-bc7f-e34ae75acc06","source_type":"ml","class":null,"subtype":null,"height":null,"num_floors":null}},{"type":"Feature","geometry":{"type":"Polygon","coordinates":[[[49.0976484,53.2482324],[49.0976509,53.248148],[49.0977674,53.2481492],[49.0977649,53.2482336],[49.0976484,53.2482324]]]},"properties":{"id":"27c963b7-0e90-4698-b55d-fe84bec63f6e","source_type":"ml","class":null,"subtype":null,"height":null,"num_floors":null}},{"type":"Feature","geometry":{"type":"Polygon","coordinates":[[[49.0977795,53.2487028],[49.0978706,53.248705],[49.0978664,53.2487685],[49.0977754,53.2487664],[49.0977795,53.2487028]]]},"properties":{"id":"9a844f72-9bf1-4edf-ab7a-4ca8df1a977e","source_type":"ml","class":null,"subtype":null,"height":null,"num_floors":null}},{"type":"Feature","geometry":{"type":"Polygon","coordinates":[[[49.0969619,53.2486999],[49.0970913,53.2486872],[49.0971116,53.2487617],[49.0970646,53.2487663],[49.0970697,53.248785],[49.0969874,53.2487931],[49.0969619,53.2486999]]]},"properties":{"id":"2b337d73-ea01-4845-9796-061f166227ca","source_type":"ml","class":null,"subtype":null,"height":null,"num_floors":null}},{"type":"Feature","geometry":{"type":"Polygon","coordinates":[[[49.0970858,53.2486047],[49.0970911,53.2485719],[49.097139,53.2485747],[49.0971336,53.2486075],[49.0970858,53.2486047]]]},"properties":{"id":"a00b59f3-b1b1-48e4-bcb7-b2f81f810ae4","source_type":"ml","class":null,"subtype":null,"height":null,"num_floors":null}},{"type":"Feature","geometry":{"type":"Polygon","coordinates":[[[49.0974255,53.2485646],[49.0973491,53.248563],[49.0973512,53.2485287],[49.0974275,53.2485304],[49.0974255,53.2485646]]]},"properties":{"id":"8aaec2d5-4cbe-403c-b6d0-46398191c88e","source_type":"ml","class":null,"subtype":null,"height":null,"num_floors":null}},{"type":"Feature","geometry":{"type":"Polygon","coordinates":[[[49.097274,53.2484659],[49.0973409,53.2484674],[49.097343,53.2484348],[49.0974233,53.2484366],[49.0974185,53.2485135],[49.0972712,53.2485102],[49.097274,53.2484659]]]},"properties":{"id":"e4b27738-00d2-4215-8fbc-f8384a9a5b84","source_type":"ml","class":null,"subtype":null,"height":null,"num_floors":null}},{"type":"Feature","geometry":{"type":"Polygon","coordinates":[[[49.0970411,53.2483195],[49.0970934,53.2483203],[49.0970922,53.248347],[49.0971351,53.2483476],[49.0971311,53.248438],[49.0970359,53.2484365],[49.0970411,53.2483195]]]},"properties":{"id":"f0a21087-6ac3-4742-b7dd-d2d018125253","source_type":"ml","class":null,"subtype":null,"height":null,"num_floors":null}},{"type":"Feature","geometry":{"type":"Polygon","coordinates":[[[49.0973003,53.2490208],[49.0973,53.2490304],[49.0972061,53.2490294],[49.0972085,53.2489524],[49.097423,53.2489548],[49.0974209,53.2490221],[49.0973003,53.2490208]]]},"properties":{"id":"befc4c92-2367-483d-a3fe-b1306bb4fcda","source_type":"ml","class":null,"subtype":null,"height":null,"num_floors":null}},{"type":"Feature","geometry":{"type":"Polygon","coordinates":[[[49.0951426,53.2481938],[49.0951459,53.2481409],[49.0952236,53.2481427],[49.0952202,53.2481955],[49.0951426,53.2481938]]]},"properties":{"id":"d34b42b9-201a-4108-9f34-6dd0ef282331","source_type":"ml","class":null,"subtype":null,"height":null,"num_floors":null}},{"type":"Feature","geometry":{"type":"Polygon","coordinates":[[[49.0951219,53.248388],[49.0951196,53.248311],[49.0951411,53.2483108],[49.0951434,53.2483878],[49.0951219,53.248388]]]},"properties":{"id":"672e73eb-e321-4d01-91a2-e04b8f773cfd","source_type":"ml","class":null,"subtype":null,"height":null,"num_floors":null}},{"type":"Feature","geometry":{"type":"Polygon","coordinates":[[[49.095983,53.2473917],[49.0960354,53.2473932],[49.0960294,53.2474678],[49.095977,53.2474663],[49.095983,53.2473917]]]},"properties":{"id":"0cf1753c-baa4-4cc0-881e-d225107487cd","source_type":"ml","class":null,"subtype":null,"height":null,"num_floors":null}},{"type":"Feature","geometry":{"type":"Polygon","coordinates":[[[49.0951869,53.247062],[49.0951242,53.2470608],[49.0951266,53.2470159],[49.0951894,53.2470171],[49.0951869,53.247062]]]},"properties":{"id":"5d2dcc7e-49e1-4fda-bc64-4fa93487a9c6","source_type":"ml","class":null,"subtype":null,"height":null,"num_floors":null}},{"type":"Feature","geometry":{"type":"Polygon","coordinates":[[[49.0963028,53.2472606],[49.0963068,53.2473263],[49.0961996,53.2473287],[49.0961956,53.2472629],[49.0963028,53.2472606]]]},"properties":{"id":"41ff2d33-3d6f-464d-9dad-a687edb336f2","source_type":"ml","class":null,"subtype":null,"height":null,"num_floors":null}},{"type":"Feature","geometry":{"type":"Polygon","coordinates":[[[49.0964073,53.2469417],[49.0964635,53.2469434],[49.096461,53.2469738],[49.0964048,53.2469722],[49.0964073,53.2469417]]]},"properties":{"id":"e1e94a2d-8a23-4620-9e79-d4d95a94052e","source_type":"ml","class":null,"subtype":null,"height":null,"num_floors":null}},{"type":"Feature","geometry":{"type":"Polygon","coordinates":[[[49.0960718,53.2470264],[49.0960236,53.2470275],[49.0960209,53.2469891],[49.0960691,53.2469879],[49.0960718,53.2470264]]]},"properties":{"id":"8935b2db-98c4-4b1d-b99c-0022fd09fdde","source_type":"ml","class":null,"subtype":null,"height":null,"num_floors":null}},{"type":"Feature","geometry":{"type":"Polygon","coordinates":[[[49.0968427,53.2471144],[49.0969097,53.2471152],[49.0969074,53.2471858],[49.0968403,53.247185],[49.0968427,53.2471144]]]},"properties":{"id":"b458b34f-b873-43e5-9e76-50ff219c599f","source_type":"ml","class":null,"subtype":null,"height":null,"num_floors":null}},{"type":"Feature","geometry":{"type":"Polygon","coordinates":[[[49.0966158,53.247463],[49.0966202,53.2474376],[49.0966945,53.2474421],[49.0966902,53.2474675],[49.0966158,53.247463]]]},"properties":{"id":"d3ce8d47-4933-4b1c-9bf5-74c9fb7cbdc6","source_type":"ml","class":null,"subtype":null,"height":null,"num_floors":null}},{"type":"Feature","geometry":{"type":"Polygon","coordinates":[[[49.0983892,53.2477435],[49.0983908,53.2477723],[49.0983304,53.2477735],[49.0983288,53.2477446],[49.0983892,53.2477435]]]},"properties":{"id":"9751456c-7f7e-4db2-9bf6-1fc85fe07577","source_type":"ml","class":null,"subtype":null,"height":null,"num_floors":null}},{"type":"Feature","geometry":{"type":"Polygon","coordinates":[[[49.0980229,53.2472351],[49.0978729,53.2472325],[49.0978781,53.2471203],[49.0979386,53.2471213],[49.0979367,53.247163],[49.0980263,53.2471645],[49.0980229,53.2472351]]]},"properties":{"id":"88c17d6e-4795-40bb-b304-1d703f77b299","source_type":"ml","class":null,"subtype":null,"height":null,"num_floors":null}},{"type":"Feature","geometry":{"type":"Polygon","coordinates":[[[49.0980636,53.246497],[49.0980662,53.246444],[49.0981268,53.2464451],[49.0981274,53.2464323],[49.0982158,53.2464338],[49.0982126,53.2464996],[49.0980636,53.246497]]]},"properties":{"id":"8f4ade9d-414c-472b-8fd9-0262c2641eae","source_type":"ml","class":null,"subtype":null,"height":null,"num_floors":null}},{"type":"Feature","geometry":{"type":"Polygon","coordinates":[[[49.0979763,53.2462494],[49.0979786,53.2461612],[49.09811,53.2461624],[49.0981077,53.2462506],[49.0979763,53.2462494]]]},"properties":{"id":"eb8a4c94-c318-4a5a-9d38-42670be49880","source_type":"ml","class":null,"subtype":null,"height":null,"num_floors":null}},{"type":"Feature","geometry":{"type":"Polygon","coordinates":[[[49.0976061,53.2463119],[49.0976018,53.2463728],[49.0975177,53.2463707],[49.0975221,53.2463098],[49.0976061,53.2463119]]]},"properties":{"id":"7b580cbd-05e8-43cf-a751-7350c085168d","source_type":"ml","class":null,"subtype":null,"height":null,"num_floors":null}},{"type":"Feature","geometry":{"type":"Polygon","coordinates":[[[49.0973905,53.2465679],[49.0973929,53.2466047],[49.0973035,53.2466068],[49.0973011,53.24657],[49.0973905,53.2465679]]]},"properties":{"id":"3e64dbd7-9c00-44a1-a1da-341ad00ca97b","source_type":"ml","class":null,"subtype":null,"height":null,"num_floors":null}},{"type":"Feature","geometry":{"type":"Polygon","coordinates":[[[49.0965856,53.2461517],[49.0965883,53.2462335],[49.096539,53.2462341],[49.0965363,53.2461523],[49.0965856,53.2461517]]]},"properties":{"id":"c80a154e-1f4a-406a-addd-d922b8eb0a9c","source_type":"ml","class":null,"subtype":null,"height":null,"num_floors":null}},{"type":"Feature","geometry":{"type":"Polygon","coordinates":[[[49.0968941,53.2461448],[49.0970255,53.2461471],[49.097021,53.2462385],[49.0969862,53.2462379],[49.0969871,53.2462186],[49.0968906,53.2462169],[49.0968941,53.2461448]]]},"properties":{"id":"05fa4382-d957-477b-a2e3-9bb2cc08e4ad","source_type":"ml","class":null,"subtype":null,"height":null,"num_floors":null}},{"type":"Feature","geometry":{"type":"Polygon","coordinates":[[[49.0972377,53.2459035],[49.0971743,53.2459032],[49.0971746,53.2458871],[49.0970834,53.2458867],[49.0970844,53.2458091],[49.097189,53.2458096],[49.0971886,53.2458401],[49.0972386,53.2458403],[49.0972377,53.2459035]]]},"properties":{"id":"23a91399-8041-4ff5-91c3-92743168db20","source_type":"ml","class":null,"subtype":null,"height":null,"num_floors":null}},{"type":"Feature","geometry":{"type":"Polygon","coordinates":[[[49.0970524,53.2459512],[49.0970554,53.2459977],[49.0969841,53.2459993],[49.0969811,53.2459528],[49.0970524,53.2459512]]]},"properties":{"id":"9baf90d0-f2fb-49ef-b0ed-52cc53104984","source_type":"ml","class":null,"subtype":null,"height":null,"num_floors":null}},{"type":"Feature","geometry":{"type":"Polygon","coordinates":[[[49.0973397,53.2455532],[49.0973933,53.2455541],[49.0973908,53.2456086],[49.0973372,53.2456077],[49.0973397,53.2455532]]]},"properties":{"id":"307c333a-a024-4409-91a4-6de69e8d24d2","source_type":"ml","class":null,"subtype":null,"height":null,"num_floors":null}},{"type":"Feature","geometry":{"type":"Polygon","coordinates":[[[49.0978977,53.2453194],[49.0978953,53.2453707],[49.097822,53.2453695],[49.0978244,53.2453182],[49.0978977,53.2453194]]]},"properties":{"id":"78e2a97a-1b32-43f8-b740-ee0f2a6cc10a","source_type":"ml","class":null,"subtype":null,"height":null,"num_floors":null}},{"type":"Feature","geometry":{"type":"Polygon","coordinates":[[[49.0979247,53.2458757],[49.0978443,53.2458744],[49.0978464,53.2458273],[49.0979295,53.2458287],[49.0979279,53.2458645],[49.0979761,53.2458653],[49.0979747,53.2458974],[49.0979237,53.2458966],[49.0979247,53.2458757]]]},"properties":{"id":"8b627907-e40a-417b-91cb-2223ab53aadd","source_type":"ml","class":null,"subtype":null,"height":null,"num_floors":null}},{"type":"Feature","geometry":{"type":"Polygon","coordinates":[[[49.0982815,53.2451787],[49.0982803,53.2452098],[49.0982026,53.2452087],[49.0982038,53.2451777],[49.0982815,53.2451787]]]},"properties":{"id":"dda7b43c-f119-4897-8f1b-387a15fdae18","source_type":"ml","class":null,"subtype":null,"height":null,"num_floors":null}},{"type":"Feature","geometry":{"type":"Polygon","coordinates":[[[49.0976082,53.2450916],[49.0976829,53.2450978],[49.0976753,53.2451309],[49.0976006,53.2451247],[49.0976082,53.2450916]]]},"properties":{"id":"4d3adf29-1bc0-47f6-bfb6-a67578f7971d","source_type":"ml","class":null,"subtype":null,"height":null,"num_floors":null}},{"type":"Feature","geometry":{"type":"Polygon","coordinates":[[[49.0974765,53.2450124],[49.097483,53.2450748],[49.0974055,53.2450776],[49.097399,53.2450153],[49.0974765,53.2450124]]]},"properties":{"id":"d3e6bc80-04fe-4b47-9245-97883899f74a","source_type":"ml","class":null,"subtype":null,"height":null,"num_floors":null}},{"type":"Feature","geometry":{"type":"Polygon","coordinates":[[[49.0982807,53.244781],[49.0982776,53.2448377],[49.0981758,53.2448357],[49.0981789,53.244779],[49.0982807,53.244781]]]},"properties":{"id":"3a700478-d2c9-46be-8776-6019a90f9553","source_type":"ml","class":null,"subtype":null,"height":null,"num_floors":null}},{"type":"Feature","geometry":{"type":"Polygon","coordinates":[[[49.0969902,53.2448184],[49.0969846,53.2447721],[49.0970406,53.2447696],[49.0970463,53.2448159],[49.0969902,53.2448184]]]},"properties":{"id":"26dd6979-60c9-41eb-ac8a-5961b8bcecdf","source_type":"ml","class":null,"subtype":null,"height":null,"num_floors":null}},{"type":"Feature","geometry":{"type":"Polygon","coordinates":[[[49.097178,53.2448054],[49.0971788,53.2447508],[49.0973183,53.2447516],[49.0973174,53.2448061],[49.097178,53.2448054]]]},"properties":{"id":"6908ec41-ed1f-47bb-9385-efd36b426640","source_type":"ml","class":null,"subtype":null,"height":null,"num_floors":null}},{"type":"Feature","geometry":{"type":"Polygon","coordinates":[[[49.0971506,53.245192],[49.0971589,53.2451558],[49.0971958,53.2451588],[49.0971874,53.2451951],[49.0971506,53.245192]]]},"properties":{"id":"cf50002f-d69f-4829-a616-7608c7ae4c09","source_type":"ml","class":null,"subtype":null,"height":null,"num_floors":null}},{"type":"Feature","geometry":{"type":"Polygon","coordinates":[[[49.0968077,53.2450319],[49.0968032,53.2451034],[49.096746,53.2451021],[49.0967505,53.2450306],[49.0968077,53.2450319]]]},"properties":{"id":"e6003e6c-5c52-4c81-8ac2-a5701bf9e914","source_type":"ml","class":null,"subtype":null,"height":null,"num_floors":null}},{"type":"Feature","geometry":{"type":"Polygon","coordinates":[[[49.0967234,53.2451055],[49.0967204,53.2451223],[49.0967045,53.2451213],[49.0966959,53.2451689],[49.0965969,53.2451625],[49.0966084,53.2450981],[49.0967234,53.2451055]]]},"properties":{"id":"ed89adb2-05bb-41c1-a0c6-76d6a44ec5fd","source_type":"ml","class":null,"subtype":null,"height":null,"num_floors":null}},{"type":"Feature","geometry":{"type":"Polygon","coordinates":[[[49.0962856,53.2452678],[49.0962782,53.2453268],[49.0961555,53.2453214],[49.0961556,53.2453207],[49.0960942,53.245318],[49.0961015,53.2452596],[49.0962856,53.2452678]]]},"properties":{"id":"f4686b4a-1ae3-46d3-84cb-c0665fb9da2e","source_type":"ml","class":null,"subtype":null,"height":null,"num_floors":null}},{"type":"Feature","geometry":{"type":"Polygon","coordinates":[[[49.0956791,53.2452315],[49.0958068,53.2452304],[49.0958083,53.245293],[49.0956805,53.2452941],[49.0956791,53.2452315]]]},"properties":{"id":"7f268a60-621f-4baa-b660-9bf6c84ecd90","source_type":"ml","class":null,"subtype":null,"height":null,"num_floors":null}},{"type":"Feature","geometry":{"type":"Polygon","coordinates":[[[49.0956344,53.245154],[49.0955433,53.2451526],[49.0955456,53.2451013],[49.0956367,53.2451027],[49.0956344,53.245154]]]},"properties":{"id":"a9575146-1364-4968-9c5b-fea4d2a46d13","source_type":"ml","class":null,"subtype":null,"height":null,"num_floors":null}},{"type":"Feature","geometry":{"type":"Polygon","coordinates":[[[49.0954004,53.2458427],[49.0954047,53.2457818],[49.0955252,53.2457849],[49.0955209,53.2458458],[49.0954004,53.2458427]]]},"properties":{"id":"3d126d56-0ae1-4e90-b42d-0d3bc32c7287","source_type":"ml","class":null,"subtype":null,"height":null,"num_floors":null}},{"type":"Feature","geometry":{"type":"Polygon","coordinates":[[[49.0960881,53.2453522],[49.0960898,53.2454157],[49.0960496,53.2454161],[49.0960479,53.2453526],[49.0960881,53.2453522]]]},"properties":{"id":"ec6120a4-dbe3-4d3a-918d-ee9ce6bacffe","source_type":"ml","class":null,"subtype":null,"height":null,"num_floors":null}},{"type":"Feature","geometry":{"type":"Polygon","coordinates":[[[49.096156,53.245992],[49.096263,53.245995],[49.0962591,53.246044],[49.0961521,53.246041],[49.096156,53.245992]]]},"properties":{"id":"9d843e78-a96c-4135-b1f6-8d69c5d64926","source_type":"ml","class":null,"subtype":null,"height":null,"num_floors":null}},{"type":"Feature","geometry":{"type":"Polygon","coordinates":[[[49.0961812,53.2462013],[49.0961863,53.2461404],[49.0962639,53.2461428],[49.0962588,53.2462036],[49.0961812,53.2462013]]]},"properties":{"id":"8538b8bd-7a72-4d0d-9a9a-d1f773ab4aad","source_type":"ml","class":null,"subtype":null,"height":null,"num_floors":null}},{"type":"Feature","geometry":{"type":"Polygon","coordinates":[[[49.0962412,53.2463542],[49.0962424,53.2463279],[49.0961422,53.2463264],[49.096145,53.2462628],[49.0962843,53.246265],[49.0962804,53.2463549],[49.0962412,53.2463542]]]},"properties":{"id":"d7c1493e-1153-46fd-81bb-61c8dfcfd3ef","source_type":"ml","class":null,"subtype":null,"height":null,"num_floors":null}},{"type":"Feature","geometry":{"type":"Polygon","coordinates":[[[49.0960573,53.2466731],[49.0959768,53.2466726],[49.0959781,53.2465972],[49.0960586,53.2465977],[49.0960573,53.2466731]]]},"properties":{"id":"c1d71de9-095e-47c8-88b7-bb2f6e649dea","source_type":"ml","class":null,"subtype":null,"height":null,"num_floors":null}},{"type":"Feature","geometry":{"type":"Polygon","coordinates":[[[49.0955027,53.246686],[49.0955081,53.2466598],[49.0955715,53.2466644],[49.0955661,53.2466906],[49.0955027,53.246686]]]},"properties":{"id":"67a1608d-5384-4428-9797-1c285dbd0d29","source_type":"ml","class":null,"subtype":null,"height":null,"num_floors":null}},{"type":"Feature","geometry":{"type":"Polygon","coordinates":[[[49.0950676,53.2462371],[49.0951829,53.2462355],[49.0951853,53.2462981],[49.09507,53.2462996],[49.0950676,53.2462371]]]},"properties":{"id":"a1a8c29e-99cb-430c-93ac-43f158fdc7f7","source_type":"ml","class":null,"subtype":null,"height":null,"num_floors":null}},{"type":"Feature","geometry":{"type":"Polygon","coordinates":[[[49.0958528,53.2509775],[49.0958444,53.2510028],[49.0957918,53.2509966],[49.0958001,53.2509713],[49.0958528,53.2509775]]]},"properties":{"id":"ff0fa469-2ad0-466e-a6e2-c457e29da0c7","source_type":"ml","class":null,"subtype":null,"height":null,"num_floors":null}},{"type":"Feature","geometry":{"type":"Polygon","coordinates":[[[49.0972379,53.2512875],[49.0972349,53.2513317],[49.0972001,53.2513309],[49.0972031,53.2512866],[49.0972379,53.2512875]]]},"properties":{"id":"ef430aa1-e7c9-43f4-b52e-0777061ec519","source_type":"ml","class":null,"subtype":null,"height":null,"num_floors":null}},{"type":"Feature","geometry":{"type":"Polygon","coordinates":[[[49.0973193,53.2500973],[49.0973172,53.2501486],[49.0972315,53.2501474],[49.0972336,53.250096],[49.0973193,53.2500973]]]},"properties":{"id":"ac2d3294-b24c-4bc6-b562-6190e111a779","source_type":"ml","class":null,"subtype":null,"height":null,"num_floors":null}},{"type":"Feature","geometry":{"type":"Polygon","coordinates":[[[49.0990183,53.2505472],[49.0988494,53.250545],[49.0988516,53.2504872],[49.0990205,53.2504895],[49.0990183,53.2505472]]]},"properties":{"id":"635b7fa8-d53e-4d68-9464-a3a66304199c","source_type":"ml","class":null,"subtype":null,"height":null,"num_floors":null}},{"type":"Feature","geometry":{"type":"Polygon","coordinates":[[[49.0991114,53.2504968],[49.0992294,53.2504958],[49.0992309,53.250568],[49.0991129,53.250569],[49.0991114,53.2504968]]]},"properties":{"id":"9eded0b2-67e6-4474-b020-938fa43ca5a3","source_type":"ml","class":null,"subtype":null,"height":null,"num_floors":null}},{"type":"Feature","geometry":{"type":"Polygon","coordinates":[[[49.1002595,53.2504554],[49.1001752,53.250454],[49.1001776,53.2504027],[49.1002619,53.2504041],[49.1002595,53.2504554]]]},"properties":{"id":"03e98bf8-0390-4809-963a-618eee8f1816","source_type":"ml","class":null,"subtype":null,"height":null,"num_floors":null}},{"type":"Feature","geometry":{"type":"Polygon","coordinates":[[[49.1004436,53.249964],[49.1003231,53.2499617],[49.1003269,53.2498911],[49.1004474,53.2498935],[49.1004436,53.249964]]]},"properties":{"id":"701666b3-2221-42c2-a168-7de54e50ef19","source_type":"ml","class":null,"subtype":null,"height":null,"num_floors":null}},{"type":"Feature","geometry":{"type":"Polygon","coordinates":[[[49.1005517,53.2501951],[49.1004284,53.2501967],[49.100427,53.2501598],[49.1005503,53.2501582],[49.1005517,53.2501951]]]},"properties":{"id":"dbb7ebc5-e5b9-4566-8563-1aab18f75b5f","source_type":"ml","class":null,"subtype":null,"height":null,"num_floors":null}},{"type":"Feature","geometry":{"type":"Polygon","coordinates":[[[49.1010167,53.2511469],[49.1010183,53.2512175],[49.100903,53.2512185],[49.1009014,53.2511479],[49.1010167,53.2511469]]]},"properties":{"id":"0683e8e0-de70-4646-849f-6d89d6c252a3","source_type":"ml","class":null,"subtype":null,"height":null,"num_floors":null}},{"type":"Feature","geometry":{"type":"Polygon","coordinates":[[[49.099445,53.251192],[49.0993579,53.2511794],[49.0993727,53.251143],[49.0994598,53.2511557],[49.099445,53.251192]]]},"properties":{"id":"86ea5115-8848-4128-8207-d9f5eb9a9ed3","source_type":"ml","class":null,"subtype":null,"height":null,"num_floors":null}},{"type":"Feature","geometry":{"type":"Polygon","coordinates":[[[49.1027287,53.2500729],[49.1026107,53.2500714],[49.1026143,53.249968],[49.1027323,53.2499695],[49.1027287,53.2500729]]]},"properties":{"id":"05f3519a-a1cf-44e4-b2fb-b8f24d333a68","source_type":"ml","class":null,"subtype":null,"height":null,"num_floors":null}},{"type":"Feature","geometry":{"type":"Polygon","coordinates":[[[49.0986389,53.2484021],[49.0985115,53.2483981],[49.0985164,53.2483343],[49.0986429,53.2483373],[49.0986389,53.2484021]]]},"properties":{"id":"d13d6287-b9eb-48e3-be39-1874bfd97ca6","source_type":"my","class":"house","subtype":"residential","height":null,"num_floors":2}},{"type":"Feature","geometry":{"type":"Polygon","coordinates":[[[49.0997745,53.2447059],[49.0997834,53.2447938],[49.0996765,53.2447977],[49.0996676,53.2447097],[49.0997745,53.2447059]]]},"properties":{"id":"10fefa54-8ff4-4991-bd58-19881396e5fd","source_type":"ml","class":null,"subtype":null,"height":null,"num_floors":null}},{"type":"Feature","geometry":{"type":"Polygon","coordinates":[[[49.0998479,53.2447788],[49.0998643,53.2448181],[49.0998179,53.244825],[49.0998015,53.2447858],[49.0998479,53.2447788]]]},"properties":{"id":"8fe7485d-34c3-438e-90c0-c64f00546c51","source_type":"ml","class":null,"subtype":null,"height":null,"num_floors":null}},{"type":"Feature","geometry":{"type":"Polygon","coordinates":[[[49.1000101,53.2446793],[49.1001063,53.2446762],[49.1001099,53.2447162],[49.1000136,53.2447193],[49.1000101,53.2446793]]]},"properties":{"id":"c65ddd6e-a683-4c7e-87aa-36ee3fd48222","source_type":"ml","class":null,"subtype":null,"height":null,"num_floors":null}},{"type":"Feature","geometry":{"type":"Polygon","coordinates":[[[49.1002282,53.2449122],[49.1002251,53.2449747],[49.1001233,53.2449729],[49.1001263,53.2449104],[49.1002282,53.2449122]]]},"properties":{"id":"64499851-7223-4a58-b1d8-575a3f4bedc0","source_type":"ml","class":null,"subtype":null,"height":null,"num_floors":null}},{"type":"Feature","geometry":{"type":"Polygon","coordinates":[[[49.0999098,53.2452403],[49.1000302,53.2452436],[49.1000246,53.2453172],[49.0999042,53.2453139],[49.0999098,53.2452403]]]},"properties":{"id":"df5f3a04-01d2-4d96-9bf7-d6a782100a0c","source_type":"ml","class":null,"subtype":null,"height":null,"num_floors":null}},{"type":"Feature","geometry":{"type":"Polygon","coordinates":[[[49.0996463,53.2453109],[49.099649,53.2452557],[49.0997428,53.2452574],[49.09974,53.2453125],[49.0996463,53.2453109]]]},"properties":{"id":"7fe2c662-8435-4274-a27c-965b4f33090c","source_type":"ml","class":null,"subtype":null,"height":null,"num_floors":null}},{"type":"Feature","geometry":{"type":"Polygon","coordinates":[[[49.0986834,53.24494],[49.0986796,53.2450224],[49.0985768,53.2450207],[49.0985805,53.2449383],[49.0986834,53.24494]]]},"properties":{"id":"103443e9-63f9-41e3-bd7e-99e027a71d85","source_type":"ml","class":null,"subtype":null,"height":null,"num_floors":null}},{"type":"Feature","geometry":{"type":"Polygon","coordinates":[[[49.0986475,53.2453462],[49.0986464,53.2453632],[49.0986876,53.2453642],[49.0986849,53.2454048],[49.0985742,53.2454023],[49.0985779,53.2453446],[49.0986475,53.2453462]]]},"properties":{"id":"68c85827-541c-4612-9f9f-e8d3f3da63b6","source_type":"ml","class":null,"subtype":null,"height":null,"num_floors":null}},{"type":"Feature","geometry":{"type":"Polygon","coordinates":[[[49.0992317,53.2457076],[49.0992308,53.2457349],[49.0992647,53.2457353],[49.0992626,53.2457979],[49.099107,53.245796],[49.0991101,53.2457062],[49.0992317,53.2457076]]]},"properties":{"id":"61aafe7d-8030-4675-aea5-0bf2e51b77d7","source_type":"ml","class":null,"subtype":null,"height":null,"num_floors":null}},{"type":"Feature","geometry":{"type":"Polygon","coordinates":[[[49.0985449,53.2457075],[49.0987461,53.2457214],[49.098734,53.2457838],[49.0985329,53.2457698],[49.0985449,53.2457075]]]},"properties":{"id":"811a694f-b984-4ff3-9de1-dec71bca5e98","source_type":"ml","class":null,"subtype":null,"height":null,"num_floors":null}},{"type":"Feature","geometry":{"type":"Polygon","coordinates":[[[49.0985773,53.2465043],[49.0984639,53.2465082],[49.098458,53.2464481],[49.0985714,53.2464441],[49.0985773,53.2465043]]]},"properties":{"id":"fd9b2ec9-ba26-4c22-be65-3cca47086e24","source_type":"ml","class":null,"subtype":null,"height":null,"num_floors":null}},{"type":"Feature","geometry":{"type":"Polygon","coordinates":[[[49.0991575,53.2464648],[49.0991244,53.2464923],[49.0990731,53.2464702],[49.0990528,53.2464872],[49.0990068,53.2464674],[49.0990601,53.2464229],[49.0991575,53.2464648]]]},"properties":{"id":"6a6f618f-b7db-418d-8dbf-4e5faf1f38ec","source_type":"ml","class":null,"subtype":null,"height":null,"num_floors":null}},{"type":"Feature","geometry":{"type":"Polygon","coordinates":[[[49.0989195,53.2465534],[49.0988557,53.2465497],[49.0988606,53.2465195],[49.0989244,53.2465232],[49.0989195,53.2465534]]]},"properties":{"id":"992c18cd-d551-4045-88bc-af49c3afd34c","source_type":"ml","class":null,"subtype":null,"height":null,"num_floors":null}},{"type":"Feature","geometry":{"type":"Polygon","coordinates":[[[49.0992148,53.2465004],[49.0992128,53.246563],[49.0991753,53.2465626],[49.0991773,53.2465],[49.0992148,53.2465004]]]},"properties":{"id":"abddb339-80d1-46b1-bc01-9305483fb00a","source_type":"ml","class":null,"subtype":null,"height":null,"num_floors":null}},{"type":"Feature","geometry":{"type":"Polygon","coordinates":[[[49.099217,53.2464272],[49.0992221,53.2463551],[49.099363,53.2463588],[49.0993578,53.2464308],[49.099217,53.2464272]]]},"properties":{"id":"aefac74e-5ce5-495a-b812-1d45693edf14","source_type":"ml","class":null,"subtype":null,"height":null,"num_floors":null}},{"type":"Feature","geometry":{"type":"Polygon","coordinates":[[[49.0989849,53.2462035],[49.099084,53.2462057],[49.0990806,53.2462602],[49.0989815,53.2462579],[49.0989849,53.2462035]]]},"properties":{"id":"4f3667fd-7f4a-4127-b749-7628c7ba434c","source_type":"ml","class":null,"subtype":null,"height":null,"num_floors":null}},{"type":"Feature","geometry":{"type":"Polygon","coordinates":[[[49.0992042,53.2461089],[49.0991105,53.2461108],[49.0991086,53.2460771],[49.0992023,53.2460752],[49.0992042,53.2461089]]]},"properties":{"id":"c104d7f5-3a92-457b-9d6f-fed159b381d7","source_type":"ml","class":null,"subtype":null,"height":null,"num_floors":null}},{"type":"Feature","geometry":{"type":"Polygon","coordinates":[[[49.0996583,53.2462907],[49.0995406,53.2462872],[49.0995461,53.2462215],[49.0996638,53.246225],[49.0996583,53.2462907]]]},"properties":{"id":"fa29bd8a-fe58-4cd8-9e91-9d17c53c67e2","source_type":"ml","class":null,"subtype":null,"height":null,"num_floors":null}},{"type":"Feature","geometry":{"type":"Polygon","coordinates":[[[49.0998353,53.2461037],[49.0998381,53.2460653],[49.0998996,53.2460669],[49.0998969,53.2461053],[49.0998353,53.2461037]]]},"properties":{"id":"ed4db9c0-bd19-4790-b661-ebf8bde4ecec","source_type":"ml","class":null,"subtype":null,"height":null,"num_floors":null}},{"type":"Feature","geometry":{"type":"Polygon","coordinates":[[[49.1000418,53.2460736],[49.1000566,53.2460222],[49.1001462,53.2460315],[49.1001313,53.2460829],[49.1000418,53.2460736]]]},"properties":{"id":"a3e07bd8-b18e-4926-9360-2d31ad37e16a","source_type":"ml","class":null,"subtype":null,"height":null,"num_floors":null}},{"type":"Feature","geometry":{"type":"Polygon","coordinates":[[[49.099604,53.2454349],[49.0994539,53.2454326],[49.0994563,53.2453749],[49.0996064,53.2453771],[49.099604,53.2454349]]]},"properties":{"id":"22b401cd-1ebd-431d-8421-8d62d554d5b6","source_type":"ml","class":null,"subtype":null,"height":null,"num_floors":null}},{"type":"Feature","geometry":{"type":"Polygon","coordinates":[[[49.1002526,53.245557],[49.1002553,53.2455987],[49.1002088,53.2455997],[49.1002061,53.2455581],[49.1002526,53.245557]]]},"properties":{"id":"9ef78a97-9bec-4574-baab-5c9c523e39d3","source_type":"ml","class":null,"subtype":null,"height":null,"num_floors":null}},{"type":"Feature","geometry":{"type":"Polygon","coordinates":[[[49.1003484,53.2457822],[49.1004539,53.2457804],[49.1004566,53.2458391],[49.1003511,53.2458408],[49.1003484,53.2457822]]]},"properties":{"id":"5dcbba8c-431b-46df-825b-742948023b8e","source_type":"ml","class":null,"subtype":null,"height":null,"num_floors":null}},{"type":"Feature","geometry":{"type":"Polygon","coordinates":[[[49.1004998,53.2460741],[49.1005926,53.2460835],[49.1005855,53.2461085],[49.1004927,53.246099],[49.1004998,53.2460741]]]},"properties":{"id":"8dbcbf54-6984-4254-90a9-524113e5e7c0","source_type":"ml","class":null,"subtype":null,"height":null,"num_floors":null}},{"type":"Feature","geometry":{"type":"Polygon","coordinates":[[[49.1004603,53.2464887],[49.1004643,53.2463877],[49.1005993,53.2463896],[49.1005954,53.2464906],[49.1004603,53.2464887]]]},"properties":{"id":"5fc9ec3c-3960-4c83-8d6a-b4d38ae3d2f7","source_type":"ml","class":null,"subtype":null,"height":null,"num_floors":null}},{"type":"Feature","geometry":{"type":"Polygon","coordinates":[[[49.101387,53.2466465],[49.1014898,53.2466439],[49.1014929,53.2466879],[49.1013901,53.2466905],[49.101387,53.2466465]]]},"properties":{"id":"cb1162b9-4680-4f46-9263-b22b54b806de","source_type":"ml","class":null,"subtype":null,"height":null,"num_floors":null}},{"type":"Feature","geometry":{"type":"Polygon","coordinates":[[[49.1015231,53.2464703],[49.1016211,53.2464724],[49.1016166,53.2465462],[49.1015186,53.246544],[49.1015231,53.2464703]]]},"properties":{"id":"021fcd93-046f-4af1-91ce-de4fd6f925c3","source_type":"ml","class":null,"subtype":null,"height":null,"num_floors":null}},{"type":"Feature","geometry":{"type":"Polygon","coordinates":[[[49.101474,53.2450828],[49.1015571,53.2450833],[49.1015562,53.2451442],[49.1014731,53.2451438],[49.101474,53.2450828]]]},"properties":{"id":"0e308718-3443-4ceb-8381-35072f8c0000","source_type":"ml","class":null,"subtype":null,"height":null,"num_floors":null}},{"type":"Feature","geometry":{"type":"Polygon","coordinates":[[[49.1012514,53.2453585],[49.1011657,53.2453569],[49.1011698,53.2452815],[49.1012967,53.245284],[49.1012945,53.2453241],[49.1012533,53.2453233],[49.1012514,53.2453585]]]},"properties":{"id":"f0595056-099c-4bd7-ba8b-6312be9af1df","source_type":"ml","class":null,"subtype":null,"height":null,"num_floors":null}},{"type":"Feature","geometry":{"type":"Polygon","coordinates":[[[49.1007571,53.2453514],[49.1006365,53.2453537],[49.1006329,53.2452863],[49.1007535,53.2452841],[49.1007571,53.2453514]]]},"properties":{"id":"86b96db1-a53a-4698-a24d-03895f2d4efd","source_type":"ml","class":null,"subtype":null,"height":null,"num_floors":null}},{"type":"Feature","geometry":{"type":"Polygon","coordinates":[[[49.1004783,53.2448006],[49.1005559,53.2448026],[49.1005518,53.2448571],[49.1004742,53.244855],[49.1004783,53.2448006]]]},"properties":{"id":"ed991644-2565-4108-9d2d-f21e1ff551ca","source_type":"ml","class":null,"subtype":null,"height":null,"num_floors":null}},{"type":"Feature","geometry":{"type":"Polygon","coordinates":[[[49.1004347,53.2447525],[49.1004266,53.2448325],[49.1002876,53.2448274],[49.1002848,53.2448546],[49.1002394,53.2448529],[49.100245,53.2447976],[49.1002878,53.2447992],[49.1002931,53.2447473],[49.1004347,53.2447525]]]},"properties":{"id":"7090f462-dd48-41ef-897e-1afe085c3480","source_type":"ml","class":null,"subtype":null,"height":null,"num_floors":null}},{"type":"Feature","geometry":{"type":"Polygon","coordinates":[[[49.1007631,53.2448372],[49.1006022,53.2448365],[49.100603,53.2447707],[49.1007639,53.2447714],[49.1007631,53.2448372]]]},"properties":{"id":"8fef85aa-c0b9-4ae9-92d8-21cb6dc90e1a","source_type":"ml","class":null,"subtype":null,"height":null,"num_floors":null}},{"type":"Feature","geometry":{"type":"Polygon","coordinates":[[[49.1012739,53.2443933],[49.1012698,53.2444703],[49.1011707,53.2444684],[49.1011748,53.2443914],[49.1012739,53.2443933]]]},"properties":{"id":"e26efbca-3173-4cf7-85d4-4d0de937c879","source_type":"ml","class":null,"subtype":null,"height":null,"num_floors":null}},{"type":"Feature","geometry":{"type":"Polygon","coordinates":[[[49.1007818,53.24436],[49.1008485,53.2443629],[49.1008408,53.2444252],[49.1007741,53.2444223],[49.1007818,53.24436]]]},"properties":{"id":"08abc411-c94e-4ea5-9367-6da5866ec9da","source_type":"ml","class":null,"subtype":null,"height":null,"num_floors":null}},{"type":"Feature","geometry":{"type":"Polygon","coordinates":[[[49.1026982,53.2443553],[49.1025005,53.2443394],[49.1025248,53.2442315],[49.1027225,53.2442475],[49.1026982,53.2443553]]]},"properties":{"id":"1e388b5b-75c0-432f-b8b3-ad09dcb92e16","source_type":"osm","class":null,"subtype":null,"height":null,"num_floors":null}},{"type":"Feature","geometry":{"type":"Polygon","coordinates":[[[49.1026885,53.243974],[49.1026895,53.2440093],[49.1025743,53.2440105],[49.1025732,53.2439752],[49.1026885,53.243974]]]},"properties":{"id":"9a8e6a6b-3971-44b4-80c5-ea2268338071","source_type":"ml","class":null,"subtype":null,"height":null,"num_floors":null}},{"type":"Feature","geometry":{"type":"Polygon","coordinates":[[[49.1022833,53.2447694],[49.102285,53.2446539],[49.1024084,53.2446545],[49.1024068,53.24477],[49.1022833,53.2447694]]]},"properties":{"id":"cf929753-ddfa-4a02-9277-67eef82728f5","source_type":"osm","class":null,"subtype":null,"height":null,"num_floors":null}},{"type":"Feature","geometry":{"type":"Polygon","coordinates":[[[49.1027677,53.2448242],[49.1024551,53.2447725],[49.1025344,53.2446006],[49.1027638,53.2446385],[49.1027128,53.2447493],[49.102796,53.244763],[49.1027677,53.2448242]]]},"properties":{"id":"268bc8f2-45e8-4a07-a517-7f8a387123db","source_type":"osm","class":null,"subtype":null,"height":null,"num_floors":null}},{"type":"Feature","geometry":{"type":"Polygon","coordinates":[[[49.1024653,53.244967],[49.1024867,53.2449063],[49.1025776,53.2449178],[49.1025854,53.2448955],[49.1026307,53.2449013],[49.102622,53.2449258],[49.1026759,53.2449326],[49.1026553,53.244991],[49.1024653,53.244967]]]},"properties":{"id":"326674e1-f9cc-456a-977e-8f516ef20cbb","source_type":"ml","class":null,"subtype":null,"height":null,"num_floors":null}},{"type":"Feature","geometry":{"type":"Polygon","coordinates":[[[49.1022956,53.2457385],[49.1023443,53.2457351],[49.1023506,53.2457676],[49.102302,53.245771],[49.1022956,53.2457385]]]},"properties":{"id":"7847b098-68fe-4b60-8c7e-c003f14dfccb","source_type":"ml","class":null,"subtype":null,"height":null,"num_floors":null}},{"type":"Feature","geometry":{"type":"Polygon","coordinates":[[[49.1023108,53.2474677],[49.1022957,53.2474061],[49.1024237,53.2473948],[49.1024388,53.2474565],[49.1023108,53.2474677]]]},"properties":{"id":"9c811551-7099-439f-a470-02296213c088","source_type":"osm","class":null,"subtype":null,"height":null,"num_floors":null}},{"type":"Feature","geometry":{"type":"Polygon","coordinates":[[[49.1028424,53.2487927],[49.102738,53.2487972],[49.1027252,53.2486919],[49.1028297,53.2486873],[49.1028424,53.2487927]]]},"properties":{"id":"afe2dae0-1d73-4643-8a5e-6d34381ec047","source_type":"osm","class":null,"subtype":null,"height":null,"num_floors":null}},{"type":"Feature","geometry":{"type":"Polygon","coordinates":[[[49.1026348,53.2481666],[49.1026337,53.2482324],[49.1025908,53.2482321],[49.1025919,53.2481663],[49.1026348,53.2481666]]]},"properties":{"id":"01e77906-065a-446c-88cf-e5e8263da8be","source_type":"ml","class":null,"subtype":null,"height":null,"num_floors":null}},{"type":"Feature","geometry":{"type":"Polygon","coordinates":[[[49.1027618,53.2488671],[49.1027643,53.2488286],[49.1028741,53.2488312],[49.1028701,53.2488928],[49.1027161,53.2488893],[49.1027176,53.2488661],[49.1027618,53.2488671]]]},"properties":{"id":"863421f5-1a6e-411c-aee8-d19ae4eddc3f","source_type":"ml","class":null,"subtype":null,"height":null,"num_floors":null}},{"type":"Feature","geometry":{"type":"Polygon","coordinates":[[[49.1016882,53.2488939],[49.1016825,53.249027],[49.1015833,53.2490255],[49.1015862,53.2489581],[49.1016023,53.2489584],[49.1016051,53.2488926],[49.1016882,53.2488939]]]},"properties":{"id":"cbdc3f5d-3f23-4daf-b7a7-0990c30aeadf","source_type":"ml","class":null,"subtype":null,"height":null,"num_floors":null}},{"type":"Feature","geometry":{"type":"Polygon","coordinates":[[[49.1008958,53.2488122],[49.1009105,53.2487518],[49.1009998,53.2487596],[49.1009851,53.24882],[49.1008958,53.2488122]]]},"properties":{"id":"1a8143be-1ec0-4dd6-b940-a1cea0628ef3","source_type":"ml","class":null,"subtype":null,"height":null,"num_floors":null}},{"type":"Feature","geometry":{"type":"Polygon","coordinates":[[[49.1006735,53.248314],[49.1006764,53.2482547],[49.1008009,53.2482569],[49.1007981,53.2483162],[49.1006735,53.248314]]]},"properties":{"id":"343bfda5-69d7-478d-872c-a0b6b76fa80f","source_type":"ml","class":null,"subtype":null,"height":null,"num_floors":null}},{"type":"Feature","geometry":{"type":"Polygon","coordinates":[[[49.1003569,53.2483207],[49.100361,53.2482174],[49.1004789,53.2482191],[49.1004748,53.2483224],[49.1003569,53.2483207]]]},"properties":{"id":"9b625423-9ff4-4276-89fe-e1266e355a49","source_type":"ml","class":null,"subtype":null,"height":null,"num_floors":null}},{"type":"Feature","geometry":{"type":"Polygon","coordinates":[[[49.1012557,53.2483362],[49.1012614,53.2482722],[49.1014005,53.2482767],[49.1013947,53.2483407],[49.1012557,53.2483362]]]},"properties":{"id":"fa751b33-f213-4118-8b34-c47786bba6e2","source_type":"ml","class":null,"subtype":null,"height":null,"num_floors":null}},{"type":"Feature","geometry":{"type":"Polygon","coordinates":[[[49.1013738,53.2486026],[49.1013744,53.2485898],[49.1015017,53.2485922],[49.1014996,53.2486339],[49.10145,53.2486329],[49.1014515,53.2486041],[49.1013738,53.2486026]]]},"properties":{"id":"a95c948c-7b6b-4ef4-ac4e-a8c9fbd7efc3","source_type":"ml","class":null,"subtype":null,"height":null,"num_floors":null}},{"type":"Feature","geometry":{"type":"Polygon","coordinates":[[[49.1019414,53.2487294],[49.1019427,53.2487583],[49.1018382,53.24876],[49.1018369,53.2487311],[49.1019414,53.2487294]]]},"properties":{"id":"f8cbab68-07ab-4b3c-89e4-dbcd56ab86ab","source_type":"ml","class":null,"subtype":null,"height":null,"num_floors":null}},{"type":"Feature","geometry":{"type":"Polygon","coordinates":[[[49.102168,53.2483018],[49.1021713,53.2482682],[49.1022208,53.2482699],[49.1022175,53.2483035],[49.102168,53.2483018]]]},"properties":{"id":"b1754d06-9601-4232-b759-8d8632ff4993","source_type":"ml","class":null,"subtype":null,"height":null,"num_floors":null}},{"type":"Feature","geometry":{"type":"Polygon","coordinates":[[[49.1013488,53.24788],[49.1013585,53.247916],[49.1012814,53.2479235],[49.1012716,53.2478875],[49.1013488,53.24788]]]},"properties":{"id":"1f9e0187-0289-4481-b0a6-f9c49ed49a87","source_type":"ml","class":null,"subtype":null,"height":null,"num_floors":null}},{"type":"Feature","geometry":{"type":"Polygon","coordinates":[[[49.1014796,53.2471834],[49.1014724,53.2472498],[49.1013641,53.2472456],[49.1013712,53.2471792],[49.1014796,53.2471834]]]},"properties":{"id":"9c23d959-614b-4ac9-8572-0dff4d13dc2d","source_type":"ml","class":null,"subtype":null,"height":null,"num_floors":null}},{"type":"Feature","geometry":{"type":"Polygon","coordinates":[[[49.1015642,53.2472126],[49.1016151,53.2472139],[49.1016105,53.2472764],[49.1014927,53.2472733],[49.1014951,53.2472413],[49.101562,53.247243],[49.1015642,53.2472126]]]},"properties":{"id":"5e789ef4-efbe-43a6-a203-b8194a03ecbf","source_type":"ml","class":null,"subtype":null,"height":null,"num_floors":null}},{"type":"Feature","geometry":{"type":"Polygon","coordinates":[[[49.1011491,53.2472289],[49.1011479,53.2472481],[49.1010515,53.247246],[49.1010526,53.2472268],[49.1011491,53.2472289]]]},"properties":{"id":"f7d58907-93fe-4a39-aa16-009c47b6b365","source_type":"ml","class":null,"subtype":null,"height":null,"num_floors":null}},{"type":"Feature","geometry":{"type":"Polygon","coordinates":[[[49.1010612,53.2467224],[49.1010599,53.2466993],[49.101166,53.2466971],[49.1011673,53.2467202],[49.1010612,53.2467224]]]},"properties":{"id":"d8eee7f9-06aa-4f4a-8d89-e55028bc8935","source_type":"ml","class":null,"subtype":null,"height":null,"num_floors":null}},{"type":"Feature","geometry":{"type":"Polygon","coordinates":[[[49.1001095,53.2468809],[49.1001673,53.2468822],[49.1001684,53.2468639],[49.1002606,53.2468658],[49.1002559,53.2469444],[49.1001568,53.2469423],[49.1001554,53.2469647],[49.1001045,53.2469636],[49.1001095,53.2468809]]]},"properties":{"id":"0e5dd82f-b3c2-4377-92ad-a52ed076922d","source_type":"ml","class":null,"subtype":null,"height":null,"num_floors":null}},{"type":"Feature","geometry":{"type":"Polygon","coordinates":[[[49.0995073,53.2467871],[49.099435,53.2467883],[49.0994317,53.2467135],[49.099504,53.2467124],[49.0995073,53.2467871]]]},"properties":{"id":"52b7f3a3-88e0-47e0-b207-c8ca55a6a719","source_type":"ml","class":null,"subtype":null,"height":null,"num_floors":null}},{"type":"Feature","geometry":{"type":"Polygon","coordinates":[[[49.0988406,53.2468792],[49.0988387,53.2469247],[49.0987904,53.2469239],[49.0987924,53.2468784],[49.0988406,53.2468792]]]},"properties":{"id":"2dc5ac7f-4d75-4a15-b906-3b0a615db5ba","source_type":"ml","class":null,"subtype":null,"height":null,"num_floors":null}},{"type":"Feature","geometry":{"type":"Polygon","coordinates":[[[49.0988177,53.2471507],[49.0988215,53.2472254],[49.098725,53.2472272],[49.0987212,53.2471524],[49.0988177,53.2471507]]]},"properties":{"id":"6bfeb5c8-c70a-4f60-a551-21af6165a9df","source_type":"ml","class":null,"subtype":null,"height":null,"num_floors":null}},{"type":"Feature","geometry":{"type":"Polygon","coordinates":[[[49.0987274,53.2473974],[49.0987289,53.2473316],[49.0988603,53.2473327],[49.0988588,53.2473985],[49.0987274,53.2473974]]]},"properties":{"id":"159524ca-6142-44e7-860a-f308cf40173c","source_type":"ml","class":null,"subtype":null,"height":null,"num_floors":null}},{"type":"Feature","geometry":{"type":"Polygon","coordinates":[[[49.0984694,53.2481062],[49.0983836,53.2481052],[49.0983858,53.2480394],[49.0984716,53.2480405],[49.0984694,53.2481062]]]},"properties":{"id":"abb41cbf-053c-45a6-96d6-b0a18779e6b0","source_type":"ml","class":null,"subtype":null,"height":null,"num_floors":null}},{"type":"Feature","geometry":{"type":"Polygon","coordinates":[[[49.0988181,53.24819],[49.09892,53.2481918],[49.0989164,53.2482614],[49.0988146,53.2482596],[49.0988181,53.24819]]]},"properties":{"id":"65b2bc14-8298-49a4-8cd2-c866de7c32d8","source_type":"ml","class":null,"subtype":null,"height":null,"num_floors":null}},{"type":"Feature","geometry":{"type":"Polygon","coordinates":[[[49.099619,53.2487996],[49.0995359,53.2487985],[49.0995382,53.2487359],[49.0996214,53.248737],[49.099619,53.2487996]]]},"properties":{"id":"9d2e9b05-9193-4a3e-b855-ffd5467a515f","source_type":"ml","class":null,"subtype":null,"height":null,"num_floors":null}},{"type":"Feature","geometry":{"type":"Polygon","coordinates":[[[49.0988982,53.2490532],[49.0988999,53.2490035],[49.0989938,53.2490046],[49.098992,53.2490544],[49.0988982,53.2490532]]]},"properties":{"id":"81c793e7-6a07-43f3-932a-adeff29ca9fc","source_type":"ml","class":null,"subtype":null,"height":null,"num_floors":null}},{"type":"Feature","geometry":{"type":"Polygon","coordinates":[[[49.0975037,53.2483189],[49.0976056,53.2483178],[49.0976078,53.2483894],[49.0975059,53.2483905],[49.0975037,53.2483189]]]},"properties":{"id":"109dc39b-d2e0-4d0d-8507-30795817ae4f","source_type":"ml","class":null,"subtype":null,"height":null,"num_floors":null}},{"type":"Feature","geometry":{"type":"Polygon","coordinates":[[[49.097594,53.2487589],[49.0976013,53.2486757],[49.0976735,53.2486779],[49.097671,53.2487062],[49.0977245,53.2487078],[49.0977197,53.2487628],[49.097594,53.2487589]]]},"properties":{"id":"becf7fc4-1d39-4732-91f7-98608943ae98","source_type":"ml","class":null,"subtype":null,"height":null,"num_floors":null}},{"type":"Feature","geometry":{"type":"Polygon","coordinates":[[[49.0975426,53.2487247],[49.097473,53.2487229],[49.0974771,53.2486674],[49.0975467,53.2486693],[49.0975426,53.2487247]]]},"properties":{"id":"d395c0f4-7642-4f04-b36b-d61619415a9b","source_type":"ml","class":null,"subtype":null,"height":null,"num_floors":null}},{"type":"Feature","geometry":{"type":"Polygon","coordinates":[[[49.0971873,53.2486681],[49.0972771,53.2486693],[49.0972766,53.2486815],[49.0973249,53.2486822],[49.0973222,53.2487512],[49.0971842,53.2487493],[49.0971873,53.2486681]]]},"properties":{"id":"9fba981b-b654-4262-a92f-571f7f24df9a","source_type":"ml","class":null,"subtype":null,"height":null,"num_floors":null}},{"type":"Feature","geometry":{"type":"Polygon","coordinates":[[[49.0974784,53.2483049],[49.0974714,53.2483403],[49.0974383,53.248338],[49.0974324,53.248368],[49.0972988,53.2483586],[49.0973063,53.2483206],[49.0973235,53.2483218],[49.097329,53.2482943],[49.0974784,53.2483049]]]},"properties":{"id":"92479ce0-6c46-4d0a-8b5e-dd568d10e394","source_type":"ml","class":null,"subtype":null,"height":null,"num_floors":null}},{"type":"Feature","geometry":{"type":"Polygon","coordinates":[[[49.0951128,53.2483061],[49.0951141,53.2483889],[49.0950698,53.2483891],[49.0950685,53.2483064],[49.0951128,53.2483061]]]},"properties":{"id":"df030118-fe17-4310-8a29-cfd26e7e7524","source_type":"ml","class":null,"subtype":null,"height":null,"num_floors":null}},{"type":"Feature","geometry":{"type":"Polygon","coordinates":[[[49.0960464,53.247339],[49.0958857,53.2473356],[49.0958903,53.2472586],[49.096051,53.2472621],[49.0960464,53.247339]]]},"properties":{"id":"592056ba-2ceb-44fa-9738-6373dc6ce19e","source_type":"ml","class":null,"subtype":null,"height":null,"num_floors":null}},{"type":"Feature","geometry":{"type":"Polygon","coordinates":[[[49.0959043,53.2471897],[49.0959091,53.2471],[49.0959642,53.247101],[49.0959657,53.2470738],[49.0960526,53.2470754],[49.0960463,53.2471925],[49.0959043,53.2471897]]]},"properties":{"id":"016bb1ef-0459-4f5a-b3d0-a6d10af9d393","source_type":"ml","class":null,"subtype":null,"height":null,"num_floors":null}},{"type":"Feature","geometry":{"type":"Polygon","coordinates":[[[49.0971205,53.2473405],[49.0971848,53.2473412],[49.0971837,53.2473765],[49.0971193,53.2473758],[49.0971205,53.2473405]]]},"properties":{"id":"07881e02-20d9-4f94-b16a-c95dd18e2b47","source_type":"ml","class":null,"subtype":null,"height":null,"num_floors":null}},{"type":"Feature","geometry":{"type":"Polygon","coordinates":[[[49.0970673,53.2473384],[49.0970694,53.2472822],[49.0971912,53.2472839],[49.0971891,53.24734],[49.0970673,53.2473384]]]},"properties":{"id":"2da9ee32-e2e3-4952-ac4c-cedb9f8d14bb","source_type":"ml","class":null,"subtype":null,"height":null,"num_floors":null}},{"type":"Feature","geometry":{"type":"Polygon","coordinates":[[[49.0967697,53.2473311],[49.0967663,53.247267],[49.0968857,53.2472647],[49.0968891,53.2473288],[49.0967697,53.2473311]]]},"properties":{"id":"c614f0c0-93c8-43a1-9179-787fe0c4290e","source_type":"ml","class":null,"subtype":null,"height":null,"num_floors":null}},{"type":"Feature","geometry":{"type":"Polygon","coordinates":[[[49.0969717,53.2480075],[49.0969674,53.2480539],[49.0968845,53.2480512],[49.0968888,53.2480048],[49.0969717,53.2480075]]]},"properties":{"id":"fde8c6e1-2eef-4d3e-bda5-149b4077faad","source_type":"ml","class":null,"subtype":null,"height":null,"num_floors":null}},{"type":"Feature","geometry":{"type":"Polygon","coordinates":[[[49.0977867,53.2475473],[49.0978536,53.2475491],[49.0978499,53.2476003],[49.0977829,53.2475986],[49.0977867,53.2475473]]]},"properties":{"id":"31e4ddc9-81d8-4990-a90d-2a7948aac440","source_type":"ml","class":null,"subtype":null,"height":null,"num_floors":null}},{"type":"Feature","geometry":{"type":"Polygon","coordinates":[[[49.0973936,53.2480189],[49.0975799,53.2480225],[49.097577,53.248077],[49.0973907,53.2480734],[49.0973936,53.2480189]]]},"properties":{"id":"34f459e3-3d81-4c2e-b416-ff8fe1c85f7c","source_type":"ml","class":null,"subtype":null,"height":null,"num_floors":null}},{"type":"Feature","geometry":{"type":"Polygon","coordinates":[[[49.0983416,53.2476727],[49.0983382,53.2477417],[49.0982778,53.2477406],[49.0982812,53.2476717],[49.0983416,53.2476727]]]},"properties":{"id":"73483734-a8f5-4c5f-9d94-ebeb196bfdeb","source_type":"ml","class":null,"subtype":null,"height":null,"num_floors":null}},{"type":"Feature","geometry":{"type":"Polygon","coordinates":[[[49.0974242,53.2472859],[49.0974885,53.2472847],[49.0974917,53.2473424],[49.0974274,53.2473437],[49.0974242,53.2472859]]]},"properties":{"id":"bb5dfcff-fde4-494d-97d2-dfae0eb97a1b","source_type":"ml","class":null,"subtype":null,"height":null,"num_floors":null}},{"type":"Feature","geometry":{"type":"Polygon","coordinates":[[[49.0974669,53.2470074],[49.0975286,53.247007],[49.0975291,53.2470327],[49.0974674,53.2470331],[49.0974669,53.2470074]]]},"properties":{"id":"919908de-d8e8-406a-987d-bb6a28843f61","source_type":"ml","class":null,"subtype":null,"height":null,"num_floors":null}},{"type":"Feature","geometry":{"type":"Polygon","coordinates":[[[49.0978592,53.2468097],[49.0978564,53.24687],[49.0977867,53.2468689],[49.097786,53.2468855],[49.0977404,53.2468847],[49.097744,53.2468078],[49.0978592,53.2468097]]]},"properties":{"id":"b0fe9493-61d1-4edf-af01-d2fa76b1edd8","source_type":"ml","class":null,"subtype":null,"height":null,"num_floors":null}},{"type":"Feature","geometry":{"type":"Polygon","coordinates":[[[49.0975951,53.2461898],[49.0975959,53.2462524],[49.0974752,53.2462529],[49.0974744,53.2461903],[49.0975951,53.2461898]]]},"properties":{"id":"a6e801a0-3bb1-4b45-8c89-37a72a8e62b4","source_type":"ml","class":null,"subtype":null,"height":null,"num_floors":null}},{"type":"Feature","geometry":{"type":"Polygon","coordinates":[[[49.0973138,53.2466797],[49.0973899,53.2466816],[49.0973858,53.2467419],[49.0973097,53.24674],[49.0973138,53.2466797]]]},"properties":{"id":"44640133-f6d5-4017-9b9d-0d647495febc","source_type":"ml","class":null,"subtype":null,"height":null,"num_floors":null}},{"type":"Feature","geometry":{"type":"Polygon","coordinates":[[[49.0971846,53.246375],[49.0972945,53.2463764],[49.0972918,53.2464518],[49.0971819,53.2464504],[49.0971846,53.246375]]]},"properties":{"id":"143c202f-88e7-4a59-a37b-6bfffee6cc14","source_type":"ml","class":null,"subtype":null,"height":null,"num_floors":null}},{"type":"Feature","geometry":{"type":"Polygon","coordinates":[[[49.097223,53.2466424],[49.0972276,53.2467135],[49.0971553,53.2467152],[49.0971507,53.2466441],[49.097223,53.2466424]]]},"properties":{"id":"8959a160-a03b-45e0-921a-a2f9bbc3c1a4","source_type":"ml","class":null,"subtype":null,"height":null,"num_floors":null}},{"type":"Feature","geometry":{"type":"Polygon","coordinates":[[[49.0965504,53.2460224],[49.0965363,53.2460538],[49.0964738,53.2460438],[49.0964879,53.2460124],[49.0965504,53.2460224]]]},"properties":{"id":"b9be690a-a26e-47da-8950-84984ef2c67a","source_type":"ml","class":null,"subtype":null,"height":null,"num_floors":null}},{"type":"Feature","geometry":{"type":"Polygon","coordinates":[[[49.097221,53.2457382],[49.097217,53.245657],[49.0973447,53.2456547],[49.0973487,53.2457359],[49.097221,53.2457382]]]},"properties":{"id":"e0610a6e-981c-4fd0-9bfb-dacde7e94bc3","source_type":"ml","class":null,"subtype":null,"height":null,"num_floors":null}},{"type":"Feature","geometry":{"type":"Polygon","coordinates":[[[49.0973173,53.2453079],[49.0973137,53.2453784],[49.0972101,53.2453765],[49.0972138,53.2453059],[49.0973173,53.2453079]]]},"properties":{"id":"130f46cb-1701-4eec-8ecb-322246357e44","source_type":"ml","class":null,"subtype":null,"height":null,"num_floors":null}},{"type":"Feature","geometry":{"type":"Polygon","coordinates":[[[49.097779,53.2453237],[49.0978138,53.245323],[49.0978187,53.2454069],[49.0977839,53.2454076],[49.097779,53.2453237]]]},"properties":{"id":"d104ed82-7d43-48b1-87ae-5ccda5b366d6","source_type":"ml","class":null,"subtype":null,"height":null,"num_floors":null}},{"type":"Feature","geometry":{"type":"Polygon","coordinates":[[[49.0976698,53.2458165],[49.0976675,53.2458897],[49.0975442,53.2458883],[49.0975465,53.2458151],[49.0976698,53.2458165]]]},"properties":{"id":"fae32e44-07e4-48f5-8a59-6c53d89bbce7","source_type":"ml","class":null,"subtype":null,"height":null,"num_floors":null}},{"type":"Feature","geometry":{"type":"Polygon","coordinates":[[[49.0977221,53.2456658],[49.0978427,53.2456679],[49.0978395,53.2457369],[49.0977189,53.2457348],[49.0977221,53.2456658]]]},"properties":{"id":"68e04c18-be25-4ade-9893-bebf7de439cb","source_type":"ml","class":null,"subtype":null,"height":null,"num_floors":null}},{"type":"Feature","geometry":{"type":"Polygon","coordinates":[[[49.0979865,53.2460444],[49.097989,53.2459963],[49.0980587,53.2459976],[49.0980595,53.2459816],[49.0981105,53.2459825],[49.0981071,53.2460466],[49.0979865,53.2460444]]]},"properties":{"id":"2a3447cc-f753-4881-a8c4-c0ba99f3eede","source_type":"ml","class":null,"subtype":null,"height":null,"num_floors":null}},{"type":"Feature","geometry":{"type":"Polygon","coordinates":[[[49.0982275,53.2457293],[49.098273,53.2457307],[49.0982692,53.2457755],[49.0981916,53.2457732],[49.0981915,53.2457748],[49.0981246,53.2457728],[49.0981286,53.2457258],[49.0982275,53.2457287],[49.0982275,53.2457293]]]},"properties":{"id":"d168e6b2-2f0b-4adf-9a19-5336e5be0b22","source_type":"ml","class":null,"subtype":null,"height":null,"num_floors":null}},{"type":"Feature","geometry":{"type":"Polygon","coordinates":[[[49.0983067,53.2450333],[49.098309,53.2450734],[49.0981955,53.2450757],[49.0981932,53.2450357],[49.0983067,53.2450333]]]},"properties":{"id":"2fefc08a-98e9-4339-b382-4c39dadfb82c","source_type":"ml","class":null,"subtype":null,"height":null,"num_floors":null}},{"type":"Feature","geometry":{"type":"Polygon","coordinates":[[[49.0976694,53.2453689],[49.0976667,53.2453016],[49.0977525,53.2453003],[49.0977551,53.2453677],[49.0976694,53.2453689]]]},"properties":{"id":"4075945c-1298-4ba6-8b7a-f75349a4d431","source_type":"ml","class":null,"subtype":null,"height":null,"num_floors":null}},{"type":"Feature","geometry":{"type":"Polygon","coordinates":[[[49.0969074,53.2449246],[49.0969116,53.2449538],[49.0968583,53.2449566],[49.0968542,53.2449273],[49.0969074,53.2449246]]]},"properties":{"id":"80bf0311-b9b3-49cb-a871-5b941735d337","source_type":"ml","class":null,"subtype":null,"height":null,"num_floors":null}},{"type":"Feature","geometry":{"type":"Polygon","coordinates":[[[49.096375,53.2455375],[49.0963785,53.245601],[49.09634,53.2456017],[49.0963365,53.2455382],[49.096375,53.2455375]]]},"properties":{"id":"f4cff82f-128c-405c-a216-872741d21ba1","source_type":"ml","class":null,"subtype":null,"height":null,"num_floors":null}},{"type":"Feature","geometry":{"type":"Polygon","coordinates":[[[49.0960711,53.2456959],[49.0960711,53.2456284],[49.0961623,53.2456284],[49.0961623,53.2456959],[49.0960711,53.2456959]]]},"properties":{"id":"88885472-69aa-4ae0-b73f-90429cc52e76","source_type":"ml","class":null,"subtype":null,"height":null,"num_floors":null}},{"type":"Feature","geometry":{"type":"Polygon","coordinates":[[[49.0957152,53.2457158],[49.0956321,53.2457146],[49.0956345,53.2456521],[49.0957176,53.2456532],[49.0957152,53.2457158]]]},"properties":{"id":"0d333fb5-cfcf-45c7-8766-ffbe5b32bd80","source_type":"ml","class":null,"subtype":null,"height":null,"num_floors":null}},{"type":"Feature","geometry":{"type":"Polygon","coordinates":[[[49.0955716,53.2457708],[49.0957189,53.2457741],[49.0957145,53.2458446],[49.0955672,53.2458413],[49.0955716,53.2457708]]]},"properties":{"id":"08ee7163-fbb7-4ab9-8dca-4bd74927ca6a","source_type":"ml","class":null,"subtype":null,"height":null,"num_floors":null}},{"type":"Feature","geometry":{"type":"Polygon","coordinates":[[[49.0955682,53.2463203],[49.0955713,53.2462555],[49.095708,53.2462579],[49.0957027,53.2463669],[49.0955971,53.2463651],[49.0955993,53.2463208],[49.0955682,53.2463203]]]},"properties":{"id":"c9adaa13-23c6-4953-bad8-c31a587bcd05","source_type":"ml","class":null,"subtype":null,"height":null,"num_floors":null}},{"type":"Feature","geometry":{"type":"Polygon","coordinates":[[[49.0972288,53.2509409],[49.0972308,53.2509714],[49.097129,53.2509737],[49.097127,53.2509433],[49.0972288,53.2509409]]]},"properties":{"id":"3b96c737-09c1-49c5-be92-ded5a36c0e37","source_type":"ml","class":null,"subtype":null,"height":null,"num_floors":null}},{"type":"Feature","geometry":{"type":"Polygon","coordinates":[[[49.0971837,53.2510479],[49.0971798,53.2511152],[49.0971182,53.2511139],[49.097122,53.2510466],[49.0971837,53.2510479]]]},"properties":{"id":"65d68f99-a215-40ae-911b-ead6f7c29b2c","source_type":"ml","class":null,"subtype":null,"height":null,"num_floors":null}},{"type":"Feature","geometry":{"type":"Polygon","coordinates":[[[49.097514,53.2509912],[49.0975155,53.2509398],[49.0975638,53.2509403],[49.0975622,53.2509917],[49.097514,53.2509912]]]},"properties":{"id":"5d54c6a4-2106-439d-bd34-1a6d33f63c22","source_type":"ml","class":null,"subtype":null,"height":null,"num_floors":null}},{"type":"Feature","geometry":{"type":"Polygon","coordinates":[[[49.0979009,53.2506708],[49.0979001,53.2506468],[49.0979859,53.2506457],[49.0979883,53.2507146],[49.097806,53.250717],[49.0978044,53.250672],[49.0979009,53.2506708]]]},"properties":{"id":"a3c7511b-33e0-4ab6-8a24-808902ec0c3f","source_type":"ml","class":null,"subtype":null,"height":null,"num_floors":null}},{"type":"Feature","geometry":{"type":"Polygon","coordinates":[[[49.0987127,53.249753],[49.0987529,53.2497542],[49.0987495,53.2497958],[49.0987094,53.2497947],[49.0987127,53.249753]]]},"properties":{"id":"f052bfa4-4c4c-4041-8bde-17665c8e9ccc","source_type":"ml","class":null,"subtype":null,"height":null,"num_floors":null}},{"type":"Feature","geometry":{"type":"Polygon","coordinates":[[[49.0990009,53.2504241],[49.0990082,53.2503329],[49.0992074,53.2503386],[49.0992001,53.2504299],[49.0990009,53.2504241]]]},"properties":{"id":"65744c33-8e55-452a-856f-51d55a16239e","source_type":"ml","class":null,"subtype":null,"height":null,"num_floors":null}},{"type":"Feature","geometry":{"type":"Polygon","coordinates":[[[49.100259,53.250847],[49.1002027,53.2508478],[49.1002008,53.2507971],[49.1002571,53.2507964],[49.100259,53.250847]]]},"properties":{"id":"57ec7241-3d54-45ef-99a1-9aa57056d157","source_type":"ml","class":null,"subtype":null,"height":null,"num_floors":null}},{"type":"Feature","geometry":{"type":"Polygon","coordinates":[[[49.0994343,53.2500625],[49.0994406,53.2501319],[49.0993856,53.2501337],[49.0993793,53.2500642],[49.0994343,53.2500625]]]},"properties":{"id":"2d5016f0-9892-4c98-b198-93af360ff24c","source_type":"ml","class":null,"subtype":null,"height":null,"num_floors":null}},{"type":"Feature","geometry":{"type":"Polygon","coordinates":[[[49.1010395,53.2499362],[49.1011214,53.2499374],[49.1011185,53.2500096],[49.1010366,53.2500084],[49.1010395,53.2499362]]]},"properties":{"id":"089e4931-b680-4637-9bad-263e41083239","source_type":"ml","class":null,"subtype":null,"height":null,"num_floors":null}},{"type":"Feature","geometry":{"type":"Polygon","coordinates":[[[49.102035,53.2504454],[49.1019841,53.2504444],[49.1019857,53.250414],[49.1020366,53.250415],[49.102035,53.2504454]]]},"properties":{"id":"a5ccda0d-bbd2-4de8-9845-e21c9ee84003","source_type":"ml","class":null,"subtype":null,"height":null,"num_floors":null}},{"type":"Feature","geometry":{"type":"Polygon","coordinates":[[[49.1011904,53.2504342],[49.1010698,53.2504322],[49.1010729,53.2503658],[49.1011935,53.2503678],[49.1011904,53.2504342]]]},"properties":{"id":"3d32ce14-db8e-43ab-b685-c04ca86d1b95","source_type":"ml","class":null,"subtype":null,"height":null,"num_floors":null}},{"type":"Feature","geometry":{"type":"Polygon","coordinates":[[[49.1011765,53.2513341],[49.1012328,53.251335],[49.1012307,53.2513863],[49.1011744,53.2513855],[49.1011765,53.2513341]]]},"properties":{"id":"ad635826-5bbf-4e47-9671-ce04b6fb13c2","source_type":"ml","class":null,"subtype":null,"height":null,"num_floors":null}},{"type":"Feature","geometry":{"type":"Polygon","coordinates":[[[49.0986527,53.2511148],[49.0986538,53.2510924],[49.0987208,53.2510935],[49.0987197,53.251116],[49.0986527,53.2511148]]]},"properties":{"id":"b2d4d929-72f2-4272-9c9b-2e09a1073501","source_type":"ml","class":null,"subtype":null,"height":null,"num_floors":null}}]}
